{"module":{"id":"classroomCard","code":"classroomCard","name":"教室维护","caption":"教室维护","type":"Module","creator":"admin","creationDate":"2024-11-25T11:38:58.736Z","updateVersion":"191104","showTitle":true,"bootstrap":"card-template","templateId":"card-template","schemas":[{"eapiId":"d6d8b5f6-a72a-4f66-aa9d-1123fec2c303","eapiCode":"classroomCard_frm","eapiName":"教室维护_frm","eapiNameSpace":"Inspur.GS.managementSystem.lesson.classroom.classroom.Front","voPath":"managementSystem/lesson/classroom/bo-classroom-front/metadata/components","voNameSpace":"Inspur.GS.managementSystem.lesson.classroom.classroom.Front","entities":[{"label":"classrooms","code":"classroom","name":"教室","id":"6a39bf5f-1a1e-4541-95dd-834c755fa9b7","type":{"$type":"EntityType","entities":[],"primary":"id","fields":[{"$type":"SimpleField","readonly":false,"multiLanguage":false,"require":true,"defaultValue":"","editor":{"$type":"TextBox"},"label":"id","originalId":"71aa1000-1582-48c2-8dae-f7103514b7d8","code":"ID","bindingPath":"id","bindingField":"id","name":"主键","id":"71aa1000-1582-48c2-8dae-f7103514b7d8","type":{"$type":"StringType","displayName":"字符串","length":36,"name":"String"},"path":"ID"},{"$type":"SimpleField","readonly":false,"multiLanguage":false,"require":false,"defaultValue":"","editor":{"$type":"DateBox","format":"'yyyy-MM-dd'"},"label":"version","originalId":"3e51d69f-a7b9-4bdf-adc1-ac6f8a2b7cc0","code":"Version","bindingPath":"version","bindingField":"version","name":"版本","id":"3e51d69f-a7b9-4bdf-adc1-ac6f8a2b7cc0","type":{"$type":"DateTimeType","displayName":"日期时间","name":"DateTime"},"path":"Version"},{"$type":"SimpleField","readonly":false,"multiLanguage":false,"require":false,"defaultValue":"","editor":{"$type":"TextBox"},"label":"name","originalId":"373f3582-0182-4558-923c-dc5fdc674263","code":"name","bindingPath":"name","bindingField":"name","name":"教室名称","id":"373f3582-0182-4558-923c-dc5fdc674263","type":{"$type":"StringType","displayName":"字符串","length":36,"name":"String"},"path":"name"},{"$type":"SimpleField","readonly":false,"multiLanguage":false,"require":false,"defaultValue":"","editor":{"$type":"TextBox"},"label":"location","originalId":"2508f93f-e9c5-4bf2-9120-6e6f50324730","code":"location","bindingPath":"location","bindingField":"location","name":"教室位置","id":"2508f93f-e9c5-4bf2-9120-6e6f50324730","type":{"$type":"StringType","displayName":"字符串","length":36,"name":"String"},"path":"location"},{"$type":"SimpleField","readonly":false,"multiLanguage":false,"require":true,"defaultValue":"","editor":{"$type":"NumericBox"},"label":"capacity","originalId":"cadb42f5-d6dd-43e4-bde6-083b33aea140","code":"capacity","bindingPath":"capacity","bindingField":"capacity","name":"教室容量","id":"cadb42f5-d6dd-43e4-bde6-083b33aea140","type":{"$type":"NumericType","precision":0,"displayName":"数字","length":0,"name":"Number"},"path":"capacity"}],"displayName":"教室","name":"classroom"}}],"code":"classroomCard_frm","sourceUri":"api/managementsystem/lesson/v1.0/classroomCard_frm","name":"教室维护_frm","id":"34869af1-bb7f-4b4c-860f-d652376f8855","extendProperties":{"enableStdTimeFormat":true},"sourceType":"vo","variables":[]}],"states":[],"contents":[],"stateMachines":[{"id":"classroomCard_state_machine","name":"教室维护_frm","uri":"736482dc-25c2-4880-b26a-2dcfb60a2549","code":"classroomCard_frm","nameSpace":"Inspur.GS.managementSystem.lesson.classroom.classroom.Front"}],"viewmodels":[{"id":"root-viewmodel","code":"root-viewmodel","name":"教室","fields":[],"stateMachine":"classroomCard_state_machine","serviceRefs":[],"commands":[{"id":"e05264fb-796d-43fb-b83b-9e2f3866c328","code":"Load1","name":"执行加载页面后初始方法","params":[{"name":"action","shownName":"初始方法","value":"{UISTATE~/#{root-component}/action}"}],"handlerName":"Load","cmpId":"8172a979-2c80-4637-ace7-b13074d3f393","extensions":[],"isInvalid":false},{"id":"246a275c-88c9-4c8a-aa82-be6a950a4325","code":"LoadAndAdd1","name":"新增一条数据","params":[{"name":"transitionAction","shownName":"状态机动作","value":"Create"}],"handlerName":"LoadAndAdd","cmpId":"8172a979-2c80-4637-ace7-b13074d3f393","extensions":[],"isInvalid":false},{"id":"70acc053-fa15-45be-851c-cf694e1bcaf7","code":"LoadAndView1","name":"查看一条数据","params":[{"name":"id","shownName":"待查看数据的标识","value":"{UISTATE~/#{root-component}/id}"},{"name":"transitionAction","shownName":"状态机动作","value":"Cancel"}],"handlerName":"LoadAndView","cmpId":"8172a979-2c80-4637-ace7-b13074d3f393","extensions":[],"isInvalid":false},{"id":"3e72ee6f-8f7b-4f29-aa0e-5887f2861117","code":"LoadAndEdit1","name":"编辑当前数据","params":[{"name":"id","shownName":"待编辑数据的标识","value":"{UISTATE~/#{root-component}/id}"},{"name":"transitionAction","shownName":"状态机动作","value":"Edit"}],"handlerName":"LoadAndEdit","cmpId":"8172a979-2c80-4637-ace7-b13074d3f393","extensions":[],"isInvalid":false},{"id":"f90aadfa-988c-4da5-a5db-1416c3333794","code":"Add1","name":"新增一条数据","params":[{"name":"transitionAction","shownName":"状态机动作","value":"Create"}],"handlerName":"Add","cmpId":"8172a979-2c80-4637-ace7-b13074d3f393","extensions":[],"isInvalid":false},{"id":"a323e27b-b9c6-4848-93b9-f117403a94ff","code":"Edit1","name":"编辑当前数据","params":[{"name":"transitionAction","shownName":"状态机动作","value":"Edit"}],"handlerName":"Edit","cmpId":"8172a979-2c80-4637-ace7-b13074d3f393","extensions":[],"isInvalid":false},{"id":"31b814db-01e4-407d-8fad-0f08dbb01999","code":"Save1","name":"保存变更","params":[{"name":"transitionAction","shownName":"状态机动作","value":"Cancel"}],"handlerName":"Save","cmpId":"8172a979-2c80-4637-ace7-b13074d3f393","extensions":[],"isInvalid":false},{"id":"4f5ed2ec-8def-4a3c-8e7b-397ea93010e8","code":"Cancel1","name":"取消变更","params":[{"name":"transitionAction","shownName":"状态机动作","value":"Cancel"}],"handlerName":"Cancel","cmpId":"8172a979-2c80-4637-ace7-b13074d3f393","extensions":[],"isInvalid":false},{"id":"c8504c24-33e8-487a-91ce-2218b803fe01","code":"ChangeItem1","name":"切换上一条或下一条1","params":[{"name":"id","shownName":"当前数据标识","value":"{DATA~/#{root-component}/id}"},{"name":"type","shownName":"切换类型(prev|next)","value":"prev"},{"name":"transitionAction","shownName":"状态机动作","value":"Cancel"}],"handlerName":"ChangeItem","cmpId":"8172a979-2c80-4637-ace7-b13074d3f393","extensions":[],"isInvalid":false},{"id":"4a0cfb1a-1262-41a2-aeb9-c8edd5c09683","code":"ChangeItem2","name":"切换上一条或下一条2","params":[{"name":"id","shownName":"当前数据标识","value":"{DATA~/#{root-component}/id}"},{"name":"type","shownName":"切换类型(prev|next)","value":"next"},{"name":"transitionAction","shownName":"状态机动作","value":"Cancel"}],"handlerName":"ChangeItem","cmpId":"8172a979-2c80-4637-ace7-b13074d3f393","extensions":[],"isInvalid":false}],"states":[],"bindTo":"/","enableUnifiedSession":false},{"id":"basic-form-viewmodel","code":"basic-form-viewmodel","name":"教室","fields":[{"type":"Form","id":"373f3582-0182-4558-923c-dc5fdc674263","fieldName":"name","groupId":null,"groupName":null,"updateOn":"blur"},{"type":"Form","id":"2508f93f-e9c5-4bf2-9120-6e6f50324730","fieldName":"location","groupId":null,"groupName":null,"updateOn":"blur"},{"type":"Form","id":"cadb42f5-d6dd-43e4-bde6-083b33aea140","fieldName":"capacity","groupId":null,"groupName":null,"updateOn":"blur"}],"serviceRefs":[],"commands":[],"states":[],"bindTo":"/","parent":"root-viewmodel","enableValidation":true}],"components":[{"id":"root-component","type":"Component","viewModel":"root-viewmodel","componentType":"Frame","onInit":"Load1","contents":[{"id":"root-layout","type":"ContentContainer","appearance":{"class":"f-page f-page-card f-page-is-mainsubcard"},"size":null,"contents":[{"id":"page-header","type":"ContentContainer","appearance":{"class":"f-page-header"},"size":null,"contents":[{"id":"header-nav","type":"ContentContainer","appearance":{"class":"f-page-header-base"},"size":null,"contents":[{"id":"header-title-container","type":"ContentContainer","appearance":{"class":"f-title"},"size":null,"contents":[{"id":"page-header-title","type":"HtmlTemplate","html":"<span class=\"f-title-icon f-text-orna-bill\"><i class=\"f-icon f-icon-page-title-record\"></i></span><h4 class=\"f-title-text\">{{'title'|lang:lang:'教室维护'}}</h4><div class=\"f-title-pagination\"><span class=\"f-icon f-icon-arrow-w\" [ngClass]=\"{'f-state-disabled':!viewModel.stateMachine['canEdit']}\" (click)=\"viewModel.stateMachine['canEdit']&&viewModel.ChangeItem1()\"></span><span class=\"f-icon f-icon-arrow-e\" [ngClass]=\"{'f-state-disabled':!viewModel.stateMachine['canEdit']}\" (click)=\"viewModel.stateMachine['canEdit']&&viewModel.ChangeItem2()\"></span></div>"}],"visible":true,"isScrollspyContainer":false,"isLikeCardContainer":false},{"id":"page-header-toolbar","type":"ToolBar","appearance":{"class":"col-7 f-toolbar"},"size":null,"items":[{"id":"button-add","type":"ToolBarItem","text":"新增","appearance":{"class":"btn-primary"},"disable":"!viewModel.stateMachine['canAdd']","visible":true,"click":"Add1","items":[],"usageMode":"button","modalConfig":null},{"id":"button-edit","type":"ToolBarItem","text":"编辑","appearance":null,"disable":"!viewModel.stateMachine['canEdit']","visible":true,"click":"Edit1","items":[],"usageMode":"button","modalConfig":null},{"id":"button-save","type":"ToolBarItem","text":"保存","appearance":null,"disable":"!viewModel.stateMachine['canSave']","visible":true,"click":"Save1","items":[],"usageMode":"button","modalConfig":null},{"id":"button-cancel","type":"ToolBarItem","text":"取消","appearance":null,"disable":"!viewModel.stateMachine['canCancel']","visible":true,"click":"Cancel1","items":[],"usageMode":"button","modalConfig":null}],"visible":true,"buttonSize":"default","popDirection":"default"}],"visible":true,"isScrollspyContainer":false,"isLikeCardContainer":false}],"visible":true,"isScrollspyContainer":false,"isLikeCardContainer":false},{"id":"main-container","type":"ContentContainer","appearance":{"class":"f-page-main"},"size":null,"contents":[{"id":"like-card-container","type":"ContentContainer","appearance":{"class":"f-struct-like-card"},"size":null,"contents":[{"id":"basic-form-component-ref","type":"ComponentRef","component":"basic-form-component","visible":true}],"visible":true,"draggable":false,"isLikeCardContainer":true,"isScrollspyContainer":false}],"visible":true,"isScrollspyContainer":false,"isLikeCardContainer":false}],"visible":true,"isScrollspyContainer":false,"isLikeCardContainer":false}],"appearance":null,"visible":true,"afterViewInit":null},{"id":"basic-form-component","type":"Component","viewModel":"basic-form-viewmodel","componentType":"form-col-4","appearance":{"class":"f-struct-wrapper"},"onInit":"","contents":[{"id":"basic-form-section","type":"Section","appearance":{"class":"f-section-form f-section-in-mainsubcard"},"visible":true,"mainTitle":"基本信息","subTitle":"","headerClass":"","titleClass":"","extendedHeaderAreaClass":"","toolbarClass":"","extendedAreaClass":"","contentTemplateClass":"","fill":false,"expanded":true,"enableMaximize":false,"enableAccordion":false,"accordionMode":"default","showHeader":true,"headerTemplate":"","titleTemplate":"","extendedHeaderAreaTemplate":"","toolbarTemplate":"","extendedAreaTemplate":"","contents":[{"id":"basic-form-layout","type":"Form","appearance":{"class":"f-form-layout farris-form farris-form-controls-inline"},"size":null,"contents":[{"id":"name_373f3582_2bfo","type":"TextBox","titleSourceType":"static","title":"教室名称","appearance":{"class":"col-12 col-md-6 col-xl-3 col-el-2"},"size":null,"binding":{"type":"Form","path":"name","field":"373f3582-0182-4558-923c-dc5fdc674263","fullPath":"name"},"readonly":"!viewModel.stateMachine['editable']","require":false,"disable":false,"placeHolder":"","format":null,"validation":null,"value":null,"maxLength":36,"linkedLabelEnabled":false,"linkedLabelClick":null,"visible":true,"holdPlace":false,"isTextArea":true,"isPassword":false,"tabindex":-1,"hasDefaultFocus":false,"focusState":null,"titleWidth":null,"enableTips":true,"path":"name","enableAppend":false,"inputAppendType":"button","inputAppendDisabled":false,"formatValidation":{"type":"none","expression":"","message":""},"autoHeight":false,"maxHeight":500,"labelAutoOverflow":false,"updateOn":"blur"},{"id":"location_2508f93f_k8dh","type":"TextBox","titleSourceType":"static","title":"教室位置","appearance":{"class":"col-12 col-md-6 col-xl-3 col-el-2"},"size":null,"binding":{"type":"Form","path":"location","field":"2508f93f-e9c5-4bf2-9120-6e6f50324730","fullPath":"location"},"readonly":"!viewModel.stateMachine['editable']","require":false,"disable":false,"placeHolder":"","format":null,"validation":null,"value":null,"maxLength":36,"linkedLabelEnabled":false,"linkedLabelClick":null,"visible":true,"holdPlace":false,"isTextArea":true,"isPassword":false,"tabindex":-1,"hasDefaultFocus":false,"focusState":null,"titleWidth":null,"enableTips":true,"path":"location","enableAppend":false,"inputAppendType":"button","inputAppendDisabled":false,"formatValidation":{"type":"none","expression":"","message":""},"autoHeight":false,"maxHeight":500},{"id":"capacity_cadb42f5_xzx4","type":"NumericBox","titleSourceType":"static","title":"教室容量","controlSource":"Farris","appearance":{"class":"col-12 col-md-6 col-xl-3 col-el-2"},"size":null,"binding":{"type":"Form","path":"capacity","field":"cadb42f5-d6dd-43e4-bde6-083b33aea140","fullPath":"capacity"},"readonly":"!viewModel.stateMachine['editable']","require":true,"disable":false,"placeHolder":"","textAlign":"left","precisionSourceType":"static","precision":0,"validation":null,"maxValue":null,"minValue":null,"step":1,"useThousands":true,"formatter":null,"parser":null,"canNull":true,"bigNumber":false,"maxLength":0,"holdPlace":false,"linkedLabelEnabled":false,"linkedLabelClick":null,"visible":true,"isTextArea":true,"tabindex":-1,"hasDefaultFocus":false,"focusState":null,"titleWidth":null,"showZero":true,"showButton":true,"path":"capacity","localization":false,"enableAppend":false,"inputAppendType":"button","inputAppendDisabled":false,"autoHeight":false,"maxHeight":500}],"controlsInline":true,"formAutoIntl":true,"visible":true,"labelAutoOverflow":false}],"isScrollSpyItem":false,"toolbar":{"type":"SectionToolbar","position":"inHead","contents":[]}}],"visible":true,"afterViewInit":null}],"webcmds":[{"id":"8172a979-2c80-4637-ace7-b13074d3f393","path":"/projects/packages/Inspur.GS.Gsp.Web.WebCmp/webcmd","name":"CardController.webcmd","refedHandlers":[{"host":"e05264fb-796d-43fb-b83b-9e2f3866c328","handler":"Load"},{"host":"246a275c-88c9-4c8a-aa82-be6a950a4325","handler":"LoadAndAdd"},{"host":"70acc053-fa15-45be-851c-cf694e1bcaf7","handler":"LoadAndView"},{"host":"3e72ee6f-8f7b-4f29-aa0e-5887f2861117","handler":"LoadAndEdit"},{"host":"f90aadfa-988c-4da5-a5db-1416c3333794","handler":"Add"},{"host":"a323e27b-b9c6-4848-93b9-f117403a94ff","handler":"Edit"},{"host":"31b814db-01e4-407d-8fad-0f08dbb01999","handler":"Save"},{"host":"4f5ed2ec-8def-4a3c-8e7b-397ea93010e8","handler":"Cancel"},{"host":"c8504c24-33e8-487a-91ce-2218b803fe01","handler":"ChangeItem"},{"host":"4a0cfb1a-1262-41a2-aeb9-c8edd5c09683","handler":"ChangeItem"}],"code":"CardController","nameSpace":"Inspur.GS.Gsp.Web.WebCmp"}],"serviceRefs":[],"projectName":"bo-classroom-front","showType":"page","toolbar":{"items":{},"configs":{}},"declarations":{"events":[],"commands":[],"states":[]},"subscriptions":[],"extraImports":[],"expressions":[],"metadataId":"9570660a-b6f8-406f-a28f-aa517392b475","actions":[{"sourceComponent":{"id":"button-add","viewModelId":"root-viewmodel","map":[{"event":{"label":"click","name":"点击事件"},"targetComponent":{"id":"root-component","viewModelId":"root-viewmodel"},"command":{"id":"f90aadfa-988c-4da5-a5db-1416c3333794","label":"Add1","name":"新增一条数据","handlerName":"Add","params":[{"name":"transitionAction","shownName":"状态机动作","value":"Create"}],"cmpId":"8172a979-2c80-4637-ace7-b13074d3f393","isNewGenerated":false,"isInvalid":false},"controller":{"id":"8172a979-2c80-4637-ace7-b13074d3f393","label":"CardController","name":"卡片控制器"}}]}},{"sourceComponent":{"id":"button-edit","viewModelId":"root-viewmodel","map":[{"event":{"label":"click","name":"点击事件"},"targetComponent":{"id":"root-component","viewModelId":"root-viewmodel"},"command":{"id":"a323e27b-b9c6-4848-93b9-f117403a94ff","label":"Edit1","name":"编辑当前数据","handlerName":"Edit","params":[{"name":"transitionAction","shownName":"状态机动作","value":"Edit"}],"cmpId":"8172a979-2c80-4637-ace7-b13074d3f393","isNewGenerated":false,"isInvalid":false},"controller":{"id":"8172a979-2c80-4637-ace7-b13074d3f393","label":"CardController","name":"卡片控制器"}}]}},{"sourceComponent":{"id":"button-save","viewModelId":"root-viewmodel","map":[{"event":{"label":"click","name":"点击事件"},"targetComponent":{"id":"root-component","viewModelId":"root-viewmodel"},"command":{"id":"31b814db-01e4-407d-8fad-0f08dbb01999","label":"Save1","name":"保存变更","handlerName":"Save","params":[{"name":"transitionAction","shownName":"状态机动作","value":"Cancel"}],"cmpId":"8172a979-2c80-4637-ace7-b13074d3f393","isNewGenerated":false,"isInvalid":false},"controller":{"id":"8172a979-2c80-4637-ace7-b13074d3f393","label":"CardController","name":"卡片控制器"}}]}},{"sourceComponent":{"id":"button-cancel","viewModelId":"root-viewmodel","map":[{"event":{"label":"click","name":"点击事件"},"targetComponent":{"id":"root-component","viewModelId":"root-viewmodel"},"command":{"id":"4f5ed2ec-8def-4a3c-8e7b-397ea93010e8","label":"Cancel1","name":"取消变更","handlerName":"Cancel","params":[{"name":"transitionAction","shownName":"状态机动作","value":"Cancel"}],"cmpId":"8172a979-2c80-4637-ace7-b13074d3f393","isNewGenerated":false,"isInvalid":false},"controller":{"id":"8172a979-2c80-4637-ace7-b13074d3f393","label":"CardController","name":"卡片控制器"}}]}},{"sourceComponent":{"id":"root-component","viewModelId":"root-viewmodel","map":[{"event":{"label":"onInit","name":"初始化事件"},"targetComponent":{"id":"root-component","viewModelId":"root-viewmodel"},"command":{"id":"e05264fb-796d-43fb-b83b-9e2f3866c328","label":"Load1","name":"执行加载页面后初始方法","handlerName":"Load","params":[{"name":"action","shownName":"初始方法","value":"{UISTATE~/#{root-component}/action}"}],"cmpId":"8172a979-2c80-4637-ace7-b13074d3f393","isNewGenerated":false,"isInvalid":false},"controller":{"id":"8172a979-2c80-4637-ace7-b13074d3f393","label":"CardController","name":"卡片控制器"}}]}}]},"options":{"enableTextArea":true,"renderMode":"compile","enableDeleteSourceCode":true,"changeSetPolicy":"valid","enableServerSideChangeDetection":true}}