{"module":{"id":"classroomManagement","code":"classroomManagement","name":"教室管理","caption":"教室管理","type":"Module","creator":"admin","creationDate":"2024-11-25T09:20:43.887Z","updateVersion":"191104","showTitle":true,"bootstrap":"list-template","templateId":"list-template","schemas":[{"eapiId":"a6e40785-3a05-4072-a036-38d62f3b9ed2","eapiCode":"classroomManagement_frm","eapiName":"教室管理_frm","eapiNameSpace":"Inspur.GS.managementSystem.lesson.classroom.classroom.Front","voPath":"managementSystem/lesson/classroom/bo-classroom-front/metadata/components","voNameSpace":"Inspur.GS.managementSystem.lesson.classroom.classroom.Front","entities":[{"label":"classrooms","code":"classroom","name":"教室","id":"393e6d08-c799-4255-b789-60f87759175e","type":{"$type":"EntityType","entities":[],"primary":"id","fields":[{"$type":"SimpleField","readonly":false,"multiLanguage":false,"require":true,"defaultValue":"","editor":{"$type":"TextBox"},"label":"id","originalId":"2ebcd346-0a7f-4da8-8932-420f268db28d","code":"ID","bindingPath":"id","bindingField":"id","name":"主键","id":"2ebcd346-0a7f-4da8-8932-420f268db28d","type":{"$type":"StringType","displayName":"字符串","length":36,"name":"String"},"path":"ID"},{"$type":"SimpleField","readonly":false,"multiLanguage":false,"require":false,"defaultValue":"","editor":{"$type":"DateBox","format":"'yyyy-MM-dd'"},"label":"version","originalId":"3db07896-f1b0-4f24-b83c-12ed0de612c0","code":"Version","bindingPath":"version","bindingField":"version","name":"版本","id":"3db07896-f1b0-4f24-b83c-12ed0de612c0","type":{"$type":"DateTimeType","displayName":"日期时间","name":"DateTime"},"path":"Version"},{"$type":"SimpleField","readonly":false,"multiLanguage":false,"require":false,"defaultValue":"","editor":{"$type":"TextBox"},"label":"name","originalId":"721383c1-8d11-46ce-aa45-63e9318f4f7e","code":"name","bindingPath":"name","bindingField":"name","name":"教室名称","id":"721383c1-8d11-46ce-aa45-63e9318f4f7e","type":{"$type":"StringType","displayName":"字符串","length":36,"name":"String"},"path":"name"},{"$type":"SimpleField","readonly":false,"multiLanguage":false,"require":false,"defaultValue":"","editor":{"$type":"TextBox"},"label":"location","originalId":"dd9fe5a0-5d2b-4428-b526-de68ec696b06","code":"location","bindingPath":"location","bindingField":"location","name":"教室位置","id":"dd9fe5a0-5d2b-4428-b526-de68ec696b06","type":{"$type":"StringType","displayName":"字符串","length":36,"name":"String"},"path":"location"},{"$type":"SimpleField","readonly":false,"multiLanguage":false,"require":true,"defaultValue":"","editor":{"$type":"NumericBox"},"label":"capacity","originalId":"e061f662-aec5-4036-8963-ebaa76578e34","code":"capacity","bindingPath":"capacity","bindingField":"capacity","name":"教室容量","id":"e061f662-aec5-4036-8963-ebaa76578e34","type":{"$type":"NumericType","precision":0,"displayName":"数字","length":0,"name":"Number"},"path":"capacity"}],"displayName":"教室","name":"classroom"}}],"code":"classroomManagement_frm","sourceUri":"api/managementsystem/lesson/v1.0/classroomManagement_frm","name":"教室管理_frm","id":"c2e98085-949b-4dc3-b3a8-c91f9e582603","extendProperties":{"enableStdTimeFormat":true},"sourceType":"vo","variables":[]}],"states":[],"contents":[],"stateMachines":[{"id":"classroomManagement_state_machine","name":"教室管理_frm","uri":"3736643b-dded-4817-b919-6dbe2392be3f","code":"classroomManagement_frm","nameSpace":"Inspur.GS.managementSystem.lesson.classroom.classroom.Front"}],"viewmodels":[{"id":"root-viewmodel","code":"root-viewmodel","name":"教室","fields":[],"stateMachine":"classroomManagement_state_machine","serviceRefs":[],"commands":[{"id":"93ee1cd2-cf0b-40b3-b99f-958a3d1fad1c","code":"Load1","name":"加载数据","params":[{"name":"filter","shownName":"过滤条件","value":""},{"name":"sort","shownName":"排序条件","value":""}],"handlerName":"Load","cmpId":"70b4abd4-9f2c-4b7c-90e9-6ac6f4b74c72","extensions":[],"isInvalid":false},{"id":"71ae8a4c-6202-4875-9246-2e2d959da37f","code":"Search1","name":"查询数据","params":[{"name":"filter","shownName":"过滤条件","value":""},{"name":"sort","shownName":"排序条件","value":""},{"name":"pageSize","shownName":"分页大小","value":""},{"name":"pageIndex","shownName":"当前页码","value":""}],"handlerName":"Search","cmpId":"70b4abd4-9f2c-4b7c-90e9-6ac6f4b74c72","extensions":[],"isInvalid":false},{"id":"6d5a354f-871f-43e6-82bc-7837184380d3","code":"RemoveRows1","name":"删除多行数据","params":[{"name":"ids","shownName":"待删除数据的标识","value":"{UISTATE~/#{data-grid-component}/ids}"}],"handlerName":"RemoveRows","cmpId":"70b4abd4-9f2c-4b7c-90e9-6ac6f4b74c72","extensions":[],"isInvalid":false},{"id":"77556491-41c0-4356-8ccf-25e39817060e","code":"Add1","name":"在新页签中新增数据","params":[{"name":"url","shownName":"功能菜单标识","value":"b400310e-f24c-411d-8585-b8fc1a1c7e43"},{"name":"params","shownName":"附加参数","value":"{\"action\":\"LoadAndAdd1\"}"},{"name":"enableRefresh","shownName":"支持刷新列表数据","value":""},{"name":"tabName","shownName":"标签页标题","value":""},{"name":"destructuring","shownName":"是否解构参数","value":""}],"handlerName":"Add","cmpId":"70b4abd4-9f2c-4b7c-90e9-6ac6f4b74c72","isInvalid":false,"isNewGenerated":false,"targetComponent":"root-component"},{"id":"52fdcac3-46c8-466e-aa5d-19920ece2076","code":"View1","name":"在新页签中查看数据","params":[{"name":"url","shownName":"功能菜单标识","value":"b400310e-f24c-411d-8585-b8fc1a1c7e43"},{"name":"params","shownName":"附加参数","value":"{\"action\":\"LoadAndView1\", \"id\":\"{DATA~/#{data-grid-component}/id}\"}"},{"name":"idToView","shownName":"待查看数据的标识","value":"{DATA~/#{data-grid-component}/id}"},{"name":"enableRefresh","shownName":"支持刷新列表数据","value":""},{"name":"tabName","shownName":"标签页标题","value":""},{"name":"destructuring","shownName":"是否解构参数","value":""}],"handlerName":"View","cmpId":"70b4abd4-9f2c-4b7c-90e9-6ac6f4b74c72","isInvalid":false,"isNewGenerated":false,"targetComponent":"root-component"},{"id":"7ade9996-0531-4401-b1bc-fb9ec8ee3f8e","code":"Edit1","name":"在新页签中编辑数据","params":[{"name":"url","shownName":"功能菜单标识","value":"b400310e-f24c-411d-8585-b8fc1a1c7e43"},{"name":"params","shownName":"附加参数","value":"{\"action\":\"LoadAndEdit1\", \"id\":\"{DATA~/#{data-grid-component}/id}\"}"},{"name":"idToEdit","shownName":"待编辑数据的标识","value":"{DATA~/#{data-grid-component}/id}"},{"name":"enableRefresh","shownName":"支持刷新列表数据","value":""},{"name":"tabName","shownName":"标签页标题","value":""},{"name":"destructuring","shownName":"是否解构参数","value":""}],"handlerName":"Edit","cmpId":"70b4abd4-9f2c-4b7c-90e9-6ac6f4b74c72","isInvalid":false,"isNewGenerated":false,"targetComponent":"root-component"},{"id":"debae2dd-3387-48cf-90ba-96e74ab5a8e5","code":"Remove1","name":"删除当前数据","params":[{"name":"id","shownName":"待删除数据的标识","value":"{DATA~/#{data-grid-component}/id}"}],"handlerName":"Remove","cmpId":"70b4abd4-9f2c-4b7c-90e9-6ac6f4b74c72","extensions":[],"isInvalid":false},{"id":"0d36eb0a-fe86-4769-b232-b84c72dcc02f","code":"Filter1","name":"过滤并加载数据1","params":[{"name":"filter","shownName":"过滤条件","value":"{UISTATE~/#{root-component}/originalFilterConditionList}"},{"name":"sort","shownName":"排序条件","value":""}],"handlerName":"Filter","cmpId":"54bddc89-5f7e-4b91-9c45-80dd6606cfe9","shortcut":{},"extensions":[],"isInvalid":false}],"states":[{"id":"ad1250a9-fe0c-4dcf-81fe-9c2c52608c66","category":"locale","code":"originalFilterConditionList","name":"筛选方案筛选条件","type":"String"}],"bindTo":"/","enableUnifiedSession":false},{"id":"data-grid-component-viewmodel","code":"data-grid-component-viewmodel","name":"教室","fields":[{"type":"Form","id":"721383c1-8d11-46ce-aa45-63e9318f4f7e","fieldName":"name","groupId":null,"groupName":null,"updateOn":"blur"},{"type":"Form","id":"dd9fe5a0-5d2b-4428-b526-de68ec696b06","fieldName":"location","groupId":null,"groupName":null,"updateOn":"blur"},{"type":"Form","id":"e061f662-aec5-4036-8963-ebaa76578e34","fieldName":"capacity","groupId":null,"groupName":null,"updateOn":"blur"}],"serviceRefs":[],"commands":[{"id":"1a1b7c33-38f0-469f-a017-223086ee6259","code":"ChangePage1","name":"切换页码","params":[{"name":"loadCommandName","shownName":"切换页面后回调方法","value":"Filter1"},{"name":"loadCommandFrameId","shownName":"目标组件","value":"#{root-component}"}],"handlerName":"ChangePage","cmpId":"70b4abd4-9f2c-4b7c-90e9-6ac6f4b74c72","extensions":[],"isInvalid":false}],"states":[],"bindTo":"/","parent":"root-viewmodel","pagination":{"enable":true,"pageSize":20,"pageList":"10,20,30,50,100"},"enableValidation":false,"allowEmpty":true}],"components":[{"id":"root-component","type":"Component","componentType":"Frame","viewModel":"root-viewmodel","onInit":"Filter1","contents":[{"id":"root-layout","type":"ContentContainer","appearance":{"class":"f-page f-page-is-managelist f-page-has-scheme"},"size":null,"contents":[{"id":"query-scheme-section","type":"Section","appearance":{"class":"f-section-scheme f-section-in-managelist"},"size":null,"fill":false,"expanded":true,"showHeader":false,"contents":[{"id":"query-scheme-1","type":"QueryScheme","appearance":null,"fieldConfigs":[{"id":"2ebcd346-0a7f-4da8-8932-420f268db28d","labelCode":"ID","code":"ID","name":"主键","control":{"id":"2ebcd346-0a7f-4da8-8932-420f268db28d","controltype":"text","require":false,"className":""}},{"id":"3db07896-f1b0-4f24-b83c-12ed0de612c0","labelCode":"Version","code":"Version","name":"版本","control":{"id":"3db07896-f1b0-4f24-b83c-12ed0de612c0","controltype":"date","require":false,"format":"yyyy-MM-dd","weekSelect":false,"startFieldCode":"Version","endFieldCode":"Version"}},{"id":"721383c1-8d11-46ce-aa45-63e9318f4f7e","labelCode":"name","code":"name","name":"教室名称","control":{"id":"721383c1-8d11-46ce-aa45-63e9318f4f7e","controltype":"text","require":false,"className":""}},{"id":"dd9fe5a0-5d2b-4428-b526-de68ec696b06","labelCode":"location","code":"location","name":"教室位置","control":{"id":"dd9fe5a0-5d2b-4428-b526-de68ec696b06","controltype":"text","require":false,"className":""}},{"id":"e061f662-aec5-4036-8963-ebaa76578e34","labelCode":"capacity","code":"capacity","name":"教室容量","control":{"id":"e061f662-aec5-4036-8963-ebaa76578e34","controltype":"number","require":false,"className":"","textAlign":"left","precision":0,"isBigNumber":false}}],"presetFieldConfigs":[{"id":"721383c1-8d11-46ce-aa45-63e9318f4f7e","labelCode":"name","code":"name","name":"教室名称","control":{"id":"721383c1-8d11-46ce-aa45-63e9318f4f7e","controltype":"text","require":false,"className":""}},{"id":"dd9fe5a0-5d2b-4428-b526-de68ec696b06","labelCode":"location","code":"location","name":"教室位置","control":{"id":"dd9fe5a0-5d2b-4428-b526-de68ec696b06","controltype":"text","require":false,"className":""}}],"formId":"classroomManagement","isDisabled":false,"presetQuerySolutionName":"默认筛选方案","onQuery":"Filter1","isControlInline":true,"visible":true,"binding":null,"enableInitQuery":false,"showCompleteLabel":false,"expanded":true,"enableHistory":false,"filterText":"筛选","openAdvancedMode":false,"queryAfterValueChange":false,"hideOrgselector":false}],"visible":true,"mainTitle":"主标题","subTitle":"","headerClass":"","titleClass":"","extendedHeaderAreaClass":"","toolbarClass":"","extendedAreaClass":"","contentTemplateClass":"","enableMaximize":false,"enableAccordion":true,"accordionMode":"default","headerTemplate":"","titleTemplate":"","extendedHeaderAreaTemplate":"","toolbarTemplate":"","extendedAreaTemplate":"","isScrollSpyItem":false,"toolbar":{"type":"SectionToolbar","position":"inHead","contents":[]}},{"id":"page-header","type":"ContentContainer","appearance":{"class":"f-page-header"},"size":null,"contents":[{"id":"header-nav","type":"ContentContainer","appearance":{"class":"f-page-header-base"},"size":null,"contents":[{"id":"header-title-container","type":"ContentContainer","appearance":{"class":"f-title"},"size":null,"contents":[{"id":"page-header-title","type":"HtmlTemplate","html":"<span class=\"f-title-icon f-text-orna-manage\"><i class=\"f-icon f-icon-page-title-administer\"></i></span><h4 class=\"f-title-text\">{{'title'|lang:lang:'教室管理'}}</h4>"}],"visible":true,"isScrollspyContainer":false,"isLikeCardContainer":false},{"id":"page-header-toolbar","type":"ToolBar","appearance":{"class":"col-7 f-toolbar"},"size":null,"items":[{"id":"button-add","type":"ToolBarItem","appearance":{"class":"btn-primary"},"disable":"!viewModel.stateMachine['canAdd']","text":"新增","visible":true,"click":"Add1","items":[],"usageMode":"button","modalConfig":null},{"id":"button-edit","type":"ToolBarItem","appearance":null,"disable":"!viewModel.stateMachine['canEdit']","text":"编辑","visible":true,"click":"Edit1","items":[],"usageMode":"button","modalConfig":null},{"id":"button-view","type":"ToolBarItem","appearance":null,"disable":"!viewModel.stateMachine['canView']","text":"查看","visible":true,"click":"View1","items":[],"usageMode":"button","modalConfig":null},{"id":"button-delete","type":"ToolBarItem","appearance":null,"disable":"!viewModel.stateMachine['canRemove']","text":"删除","visible":true,"click":"Remove1","items":[],"usageMode":"button","modalConfig":null}],"visible":true,"buttonSize":"default","popDirection":"default"}],"visible":true,"isScrollspyContainer":false,"isLikeCardContainer":false}],"visible":true,"isScrollspyContainer":false,"isLikeCardContainer":false},{"id":"page-main","type":"ContentContainer","appearance":{"class":"f-page-main"},"size":null,"contents":[{"id":"data-grid-component-ref","type":"ComponentRef","component":"data-grid-component","visible":true}],"visible":true,"isScrollspyContainer":false,"isLikeCardContainer":false}],"visible":true,"isScrollspyContainer":false,"isLikeCardContainer":false}],"appearance":null,"visible":true,"afterViewInit":null},{"id":"data-grid-component","type":"Component","componentType":"dataGrid","viewModel":"data-grid-component-viewmodel","appearance":{"class":"f-struct-wrapper f-utils-fill-flex-column"},"onInit":"","contents":[{"id":"data-grid-section","type":"Section","appearance":{"class":"f-section-grid f-section-in-managelist"},"size":null,"mainTitle":"","subTitle":"","headerClass":"","titleClass":"","extendedHeaderAreaClass":"","toolbarClass":"","extendedAreaClass":"","contentTemplateClass":"","fill":true,"expanded":true,"enableMaximize":true,"enableAccordion":true,"accordionMode":"default","showHeader":false,"headerTemplate":"","titleTemplate":"","extendedHeaderAreaTemplate":"","toolbarTemplate":"","extendedAreaTemplate":"","contents":[{"id":"dataGrid","type":"DataGrid","controlSource":"Farris","appearance":{"class":"f-component-grid"},"size":null,"dataSource":"classrooms","fields":[{"id":"name_721383c1_32a1","type":"GridField","controlSource":"Farris","caption":"教室名称","captionTemplate":null,"dataField":"name","dataType":"string","binding":{"type":"Form","path":"name","field":"721383c1-8d11-46ce-aa45-63e9318f4f7e","fullPath":"name"},"enumData":null,"appearance":null,"size":{"width":120},"displayTemplate":null,"editor":null,"draggable":false,"frozen":"none","sortable":true,"sortOrder":null,"resizeable":true,"aggregate":{"type":"none","formatter":{"type":"none"}},"groupAggregate":{"type":"none","formatter":{"type":"none"}},"styler":"","colTemplate":"","linkedLabelEnabled":false,"linkedLabelClick":null,"textAlign":"left","hAlign":"left","vAlign":"middle","formatter":{"type":"none"},"showTips":false,"tipContent":null,"multiLanguage":false,"enableFilter":false,"headerStyler":"","localization":false,"idField":"value","textField":"name","readonly":false,"visible":true,"allowGrouping":true,"tipMode":"auto","captionTipContent":"","captionTipStyler":"","enableBatchEdit":false,"localizationType":"Date"},{"id":"location_dd9fe5a0_r5hn","type":"GridField","controlSource":"Farris","caption":"教室位置","captionTemplate":null,"dataField":"location","dataType":"string","binding":{"type":"Form","path":"location","field":"dd9fe5a0-5d2b-4428-b526-de68ec696b06","fullPath":"location"},"enumData":null,"appearance":null,"size":{"width":120},"displayTemplate":null,"editor":null,"draggable":false,"frozen":"none","sortable":true,"sortOrder":null,"resizeable":true,"aggregate":{"type":"none","formatter":{"type":"none"}},"groupAggregate":{"type":"none","formatter":{"type":"none"}},"styler":"","colTemplate":"","linkedLabelEnabled":false,"linkedLabelClick":null,"textAlign":"left","hAlign":"left","vAlign":"middle","formatter":{"type":"none"},"showTips":false,"tipContent":null,"multiLanguage":false,"enableFilter":false,"headerStyler":"","localization":false,"idField":"value","textField":"name","readonly":false,"visible":true,"allowGrouping":true,"tipMode":"auto","captionTipContent":"","captionTipStyler":"","enableBatchEdit":false,"localizationType":"Date"},{"id":"capacity_e061f662_as9x","type":"GridField","controlSource":"Farris","caption":"教室容量","captionTemplate":null,"dataField":"capacity","dataType":"number","binding":{"type":"Form","path":"capacity","field":"e061f662-aec5-4036-8963-ebaa76578e34","fullPath":"capacity"},"enumData":null,"appearance":null,"size":{"width":120},"displayTemplate":null,"editor":null,"draggable":false,"frozen":"none","sortable":true,"sortOrder":null,"resizeable":true,"aggregate":{"type":"none","formatter":{"type":"none"}},"groupAggregate":{"type":"none","formatter":{"type":"none"}},"styler":"","colTemplate":"","linkedLabelEnabled":false,"linkedLabelClick":null,"textAlign":"left","hAlign":"left","vAlign":"middle","formatter":{"type":"number","precision":0,"thousand":",","decimal":"."},"showTips":false,"tipContent":null,"multiLanguage":false,"enableFilter":false,"headerStyler":"","localization":false,"idField":"value","textField":"name","readonly":false,"visible":true,"allowGrouping":true,"tipMode":"auto","captionTipContent":"","captionTipStyler":"","enableBatchEdit":false}],"focusedItem":null,"focusedIndex":null,"identifyField":null,"multiSelect":false,"selectable":null,"showCheckbox":false,"showAllCheckbox":false,"checkOnSelect":false,"selectOnCheck":false,"itemTemplate":null,"toolBar":null,"summary":null,"groupable":false,"group":null,"showGroupColumn":true,"groupFormatter":null,"groupStyler":null,"groupFooter":false,"fitColumns":false,"autoFitColumns":false,"virtualized":false,"virtualizedAsyncLoad":false,"scrollYLoad":"ChangePage1","onSelectionChange":"","fieldEditable":false,"appendRow":null,"disable":false,"pageChange":"ChangePage1","pageSizeChanged":"ChangePage1","styler":"","multiSort":false,"showBorder":false,"striped":true,"showLineNumber":false,"disableRow":null,"beforeSelect":null,"beforeUnSelect":null,"beforeCheck":null,"beforeUnCheck":null,"dblClickRow":null,"showFooter":false,"footerTemplate":"","footerDataFrom":"client","footerDataCommand":null,"enableFilterRow":false,"remoteFilter":false,"showFilterBar":false,"useControlPanel":false,"autoHeight":false,"showSelectedList":false,"selectedItemFormatter":null,"lineNumberWidth":36,"enableMorePageSelect":false,"pagination":true,"lockPagination":"viewModel.stateMachine&&viewModel.stateMachine['editable']","showPageSize":false,"editable":null,"fixedColumns":[],"enableCommandColumn":false,"onEditClicked":"","onDeleteClicked":"","commandColumnWidth":120,"showCommandColumn":true,"checkedChange":null,"footerHeight":29,"filterType":"none","enableSmartFilter":false,"lineNumberTitle":"","rowClick":null,"headerWrap":false,"emptyTemplate":null,"emptyDataHeight":240,"maxHeight":300,"rowHeight":30,"enableHighlightCell":false,"enableEditCellStyle":false,"showRowGroupPanel":false,"enableDragColumn":false,"groupSummaryPosition":"groupFooterRow","clearSelectionsWhenDataIsEmpty":true,"keepSelect":true,"enableEditByCard":"none","visible":true,"showGotoInput":false,"scrollBarShowMode":"auto","showScrollArrow":false,"footerPosition":"bottom","footerStyler":null,"selectOnEditing":false,"selectionMode":"default","enableContextMenu":false,"disableGroupOnEditing":true,"enableSimpleMode":false,"enableScheme":false,"beforeEdit":null,"nowrap":true,"mergeCell":false,"remoteSort":false,"columnSorted":null,"enableHeaderGroup":false,"headerGroup":null,"AutoColumnWidthUseDblclick":true,"pagerContentTemplate":null,"expandGroupRows":true,"useBlankWhenDataIsEmpty":false,"checked":null,"unChecked":null,"checkAll":null,"unCheckAll":null,"filterChanged":null,"enableEditStateFilterSorting":false,"showConfirmWhenSchemeChanged":false,"enableSetMultiHeaders":false,"allowEmpty":true,"pageList":"10,20,30,50,100","pageSize":20}],"visible":true,"isScrollSpyItem":false,"toolbar":{"type":"SectionToolbar","position":"inHead","contents":[]}}],"visible":true,"afterViewInit":null}],"webcmds":[{"id":"70b4abd4-9f2c-4b7c-90e9-6ac6f4b74c72","path":"/projects/packages/Inspur.GS.Gsp.Web.WebCmp/webcmd","name":"ListController.webcmd","refedHandlers":[{"host":"93ee1cd2-cf0b-40b3-b99f-958a3d1fad1c","handler":"Load"},{"host":"71ae8a4c-6202-4875-9246-2e2d959da37f","handler":"Search"},{"host":"77556491-41c0-4356-8ccf-25e39817060e","handler":"Add"},{"host":"52fdcac3-46c8-466e-aa5d-19920ece2076","handler":"View"},{"host":"7ade9996-0531-4401-b1bc-fb9ec8ee3f8e","handler":"Edit"},{"host":"6d5a354f-871f-43e6-82bc-7837184380d3","handler":"RemoveRows"},{"host":"1a1b7c33-38f0-469f-a017-223086ee6259","handler":"ChangePage"},{"host":"debae2dd-3387-48cf-90ba-96e74ab5a8e5","handler":"Remove"}],"code":"ListController","nameSpace":"Inspur.GS.Gsp.Web.WebCmp"},{"id":"54bddc89-5f7e-4b91-9c45-80dd6606cfe9","path":"igix/Web/WebCmp/bo-webcmp/metadata/webcmd/data-commands","name":"LoadCommands.webcmd","refedHandlers":[{"host":"0d36eb0a-fe86-4769-b232-b84c72dcc02f","handler":"Filter"}],"code":"LoadCommands","nameSpace":"Inspur.GS.Gsp.Web.WebCmp"}],"serviceRefs":[],"projectName":"bo-classroom-front","showType":"page","toolbar":{"items":{},"configs":{}},"declarations":{"events":[],"commands":[],"states":[]},"subscriptions":[],"extraImports":[],"expressions":[],"metadataId":"8dd36255-ef1b-4cc3-b2b2-fa1f0994b147","actions":[{"sourceComponent":{"id":"query-scheme-1","viewModelId":"root-viewmodel","map":[{"event":{"label":"onQuery","name":"查询事件"},"targetComponent":{"id":"root-component","viewModelId":"root-viewmodel"},"command":{"id":"0d36eb0a-fe86-4769-b232-b84c72dcc02f","label":"Filter1","name":"过滤并加载数据1","handlerName":"Filter","params":[{"name":"filter","shownName":"过滤条件","value":"{UISTATE~/#{root-component}/originalFilterConditionList}"},{"name":"sort","shownName":"排序条件","value":""}],"cmpId":"54bddc89-5f7e-4b91-9c45-80dd6606cfe9","isNewGenerated":false,"isInvalid":false},"controller":{"id":"54bddc89-5f7e-4b91-9c45-80dd6606cfe9","label":"LoadCommands","name":"数据加载相关命令"}}]}},{"sourceComponent":{"id":"button-add","viewModelId":"root-viewmodel","map":[{"event":{"label":"click","name":"点击事件"},"targetComponent":{"id":"root-component","viewModelId":"root-viewmodel"},"command":{"id":"77556491-41c0-4356-8ccf-25e39817060e","label":"Add1","name":"在新页签中新增数据","handlerName":"Add","params":[{"name":"url","shownName":"功能菜单标识","value":"b400310e-f24c-411d-8585-b8fc1a1c7e43"},{"name":"params","shownName":"附加参数","value":"{\"action\":\"LoadAndAdd1\"}"},{"name":"enableRefresh","shownName":"支持刷新列表数据","value":""},{"name":"tabName","shownName":"标签页标题","value":""},{"name":"destructuring","shownName":"是否解构参数","value":""}],"cmpId":"70b4abd4-9f2c-4b7c-90e9-6ac6f4b74c72","isNewGenerated":false,"isInvalid":false},"controller":{"id":"70b4abd4-9f2c-4b7c-90e9-6ac6f4b74c72","label":"ListController","name":"列表控制器"}}]}},{"sourceComponent":{"id":"button-edit","viewModelId":"root-viewmodel","map":[{"event":{"label":"click","name":"点击事件"},"targetComponent":{"id":"root-component","viewModelId":"root-viewmodel"},"command":{"id":"7ade9996-0531-4401-b1bc-fb9ec8ee3f8e","label":"Edit1","name":"在新页签中编辑数据","handlerName":"Edit","params":[{"name":"url","shownName":"功能菜单标识","value":"b400310e-f24c-411d-8585-b8fc1a1c7e43"},{"name":"params","shownName":"附加参数","value":"{\"action\":\"LoadAndEdit1\", \"id\":\"{DATA~/#{data-grid-component}/id}\"}"},{"name":"idToEdit","shownName":"待编辑数据的标识","value":"{DATA~/#{data-grid-component}/id}"},{"name":"enableRefresh","shownName":"支持刷新列表数据","value":""},{"name":"tabName","shownName":"标签页标题","value":""},{"name":"destructuring","shownName":"是否解构参数","value":""}],"cmpId":"70b4abd4-9f2c-4b7c-90e9-6ac6f4b74c72","isNewGenerated":false,"isInvalid":false},"controller":{"id":"70b4abd4-9f2c-4b7c-90e9-6ac6f4b74c72","label":"ListController","name":"列表控制器"}}]}},{"sourceComponent":{"id":"button-view","viewModelId":"root-viewmodel","map":[{"event":{"label":"click","name":"点击事件"},"targetComponent":{"id":"root-component","viewModelId":"root-viewmodel"},"command":{"id":"52fdcac3-46c8-466e-aa5d-19920ece2076","label":"View1","name":"在新页签中查看数据","handlerName":"View","params":[{"name":"url","shownName":"功能菜单标识","value":"b400310e-f24c-411d-8585-b8fc1a1c7e43"},{"name":"params","shownName":"附加参数","value":"{\"action\":\"LoadAndView1\", \"id\":\"{DATA~/#{data-grid-component}/id}\"}"},{"name":"idToView","shownName":"待查看数据的标识","value":"{DATA~/#{data-grid-component}/id}"},{"name":"enableRefresh","shownName":"支持刷新列表数据","value":""},{"name":"tabName","shownName":"标签页标题","value":""},{"name":"destructuring","shownName":"是否解构参数","value":""}],"cmpId":"70b4abd4-9f2c-4b7c-90e9-6ac6f4b74c72","isNewGenerated":false,"isInvalid":false},"controller":{"id":"70b4abd4-9f2c-4b7c-90e9-6ac6f4b74c72","label":"ListController","name":"列表控制器"}}]}},{"sourceComponent":{"id":"button-delete","viewModelId":"root-viewmodel","map":[{"event":{"label":"click","name":"点击事件"},"targetComponent":{"id":"root-component","viewModelId":"root-viewmodel"},"command":{"id":"debae2dd-3387-48cf-90ba-96e74ab5a8e5","label":"Remove1","name":"删除当前数据","handlerName":"Remove","params":[{"name":"id","shownName":"待删除数据的标识","value":"{DATA~/#{data-grid-component}/id}"}],"cmpId":"70b4abd4-9f2c-4b7c-90e9-6ac6f4b74c72","isNewGenerated":false,"isInvalid":false},"controller":{"id":"70b4abd4-9f2c-4b7c-90e9-6ac6f4b74c72","label":"ListController","name":"列表控制器"}}]}},{"sourceComponent":{"id":"root-component","viewModelId":"root-viewmodel","map":[{"event":{"label":"onInit","name":"初始化事件"},"targetComponent":{"id":"root-component","viewModelId":"root-viewmodel"},"command":{"id":"0d36eb0a-fe86-4769-b232-b84c72dcc02f","label":"Filter1","name":"过滤并加载数据1","handlerName":"Filter","params":[{"name":"filter","shownName":"过滤条件","value":"{UISTATE~/#{root-component}/originalFilterConditionList}"},{"name":"sort","shownName":"排序条件","value":""}],"cmpId":"54bddc89-5f7e-4b91-9c45-80dd6606cfe9","isNewGenerated":false,"isInvalid":false},"controller":{"id":"54bddc89-5f7e-4b91-9c45-80dd6606cfe9","label":"LoadCommands","name":"数据加载相关命令"}}]}},{"sourceComponent":{"id":"dataGrid","viewModelId":"data-grid-component-viewmodel","map":[{"event":{"label":"pageChange","name":"切换页码事件"},"targetComponent":{"id":"data-grid-component","viewModelId":"data-grid-component-viewmodel"},"command":{"id":"1a1b7c33-38f0-469f-a017-223086ee6259","label":"ChangePage1","name":"切换页码","handlerName":"ChangePage","params":[{"name":"loadCommandName","shownName":"切换页面后回调方法","value":"Filter1"},{"name":"loadCommandFrameId","shownName":"目标组件","value":"#{root-component}"}],"cmpId":"70b4abd4-9f2c-4b7c-90e9-6ac6f4b74c72","isNewGenerated":false,"isInvalid":false},"controller":{"id":"70b4abd4-9f2c-4b7c-90e9-6ac6f4b74c72","label":"ListController","name":"列表控制器"}},{"event":{"label":"pageSizeChanged","name":"分页条数变化事件"},"targetComponent":{"id":"data-grid-component","viewModelId":"data-grid-component-viewmodel"},"command":{"id":"1a1b7c33-38f0-469f-a017-223086ee6259","label":"ChangePage1","name":"切换页码","handlerName":"ChangePage","params":[{"name":"loadCommandName","shownName":"切换页面后回调方法","value":"Filter1"},{"name":"loadCommandFrameId","shownName":"目标组件","value":"#{root-component}"}],"cmpId":"70b4abd4-9f2c-4b7c-90e9-6ac6f4b74c72","isNewGenerated":false,"isInvalid":false},"controller":{"id":"70b4abd4-9f2c-4b7c-90e9-6ac6f4b74c72","label":"ListController","name":"列表控制器"}},{"event":{"label":"scrollYLoad","name":"滚动加载事件"},"targetComponent":{"id":"data-grid-component","viewModelId":"data-grid-component-viewmodel"},"command":{"id":"1a1b7c33-38f0-469f-a017-223086ee6259","label":"ChangePage1","name":"切换页码","handlerName":"ChangePage","params":[{"name":"loadCommandName","shownName":"切换页面后回调方法","value":"Filter1"},{"name":"loadCommandFrameId","shownName":"目标组件","value":"#{root-component}"}],"cmpId":"70b4abd4-9f2c-4b7c-90e9-6ac6f4b74c72","isNewGenerated":false,"isInvalid":false},"controller":{"id":"70b4abd4-9f2c-4b7c-90e9-6ac6f4b74c72","label":"ListController","name":"列表控制器"}}]}}]},"options":{"enableTextArea":true,"renderMode":"compile","enableDeleteSourceCode":true,"changeSetPolicy":"valid","enableServerSideChangeDetection":false}}