[{"Code":"classroomManagement_frm","Name":"教室管理_frm","Id":"a6e40785-3a05-4072-a036-38d62f3b9ed2","Version":"1.0","Description":"教室管理_frm服务","BizObject":"3cff33f5-f808-90b1-21e5-85d9b310d5fe","CriticalApplication":"managementsystem","ServiceUnit":"lesson","RouteUrl":"classroommanagement_frm","Service":{"Id":"5ae8135e-743e-4ca5-a461-34a1c462d248","ResourceId":"c2e98085-949b-4dc3-b3a8-c91f9e582603","ResourceType":"VO","ResourceCode":"com.inspur.gs.managementsystem.lesson.classroom.classroom.front.vo.classroomManagement_frm","ResourceName":"教室管理_frm","ResourceNameSpace":"Inspur.GS.managementSystem.lesson.classroom.classroom.Front","ResourcePath":null,"ResourceFileName":null,"Operations":[{"Id":"c2e98085-949b-4dc3-b3a8-c91f9e582603&^^&CreateSession","Code":"CreateSession","Name":"创建业务上下文","Description":"在调用该服务其他操作前，应该首先调用该操作创建业务上下文。在业务上下文存在期间，所有通过该服务修改的数据均被锁定，其他业务上下文无法修改。","HttpMethod":"POST","Template":"service/createsession","Parameters":[{"Id":"c2e98085-949b-4dc3-b3a8-c91f9e582603&^^&CreateSessionParam","Code":"sessionId","Name":"sessionId","Description":"功能sessionId","ModelId":"string","ModelCode":null,"ModelName":"string","RefId":null,"RefCode":null,"RefName":null,"RefPath":null,"RefFileName":null,"ModelType":0,"In":"","IsRequired":true,"ListDeepth":0,"isCollection":false,"isRetVal":true,"isBasicType":true}],"ResourceOpId":"c2e98085-949b-4dc3-b3a8-c91f9e582603&^^&CreateSession","Transaction":false,"AssemblyInfo":null,"Extend1":"Basic","Extend2":null,"isDeprecated":false},{"Id":"c2e98085-949b-4dc3-b3a8-c91f9e582603&^^&CloseSession","Code":"CloseSession","Name":"关闭业务上下文","Description":"在调用该服务的其他操作完成业务功能后，应该调用该操作关闭业务上下文，否则该业务上下文内修改的数据将保持锁定状态，无法被其他用户修改。","HttpMethod":"POST","Template":"service/closesession","Parameters":null,"ResourceOpId":"c2e98085-949b-4dc3-b3a8-c91f9e582603&^^&CloseSession","Transaction":false,"AssemblyInfo":null,"Extend1":"Basic","Extend2":null,"isDeprecated":false},{"Id":"c2e98085-949b-4dc3-b3a8-c91f9e582603&^^&Create","Code":"Create","Name":"新增教室","Description":"新增教室，可指定字段初始值。","HttpMethod":"POST","Template":"","Parameters":[{"Id":"c2e98085-949b-4dc3-b3a8-c91f9e582603&^^&RequestInfo","Code":"requestInfo","Name":"请求信息","Description":"请求信息","ModelId":"c2e98085-949b-4dc3-b3a8-c91f9e582603&^^&RequestInfo","ModelCode":"RequestInfo","ModelName":"RequestInfo","RefId":"c2e98085-949b-4dc3-b3a8-c91f9e582603&^^&RequestInfo","RefCode":"RequestInfo","RefName":"RequestInfo","RefPath":null,"RefFileName":null,"ModelType":1,"In":"Body","IsRequired":false,"ListDeepth":0,"isCollection":false,"isRetVal":false,"isBasicType":false},{"Id":"c2e98085-949b-4dc3-b3a8-c91f9e582603&^^&defaultValue","Code":"defaultValue","Name":"默认值","Description":"默认值","ModelId":"c2e98085-949b-4dc3-b3a8-c91f9e582603&^^&DefaultValue","ModelCode":"DefaultValue","ModelName":"DefaultValue","RefId":"c2e98085-949b-4dc3-b3a8-c91f9e582603&^^&DefaultValue","RefCode":"DefaultValue","RefName":"DefaultValue","RefPath":null,"RefFileName":null,"ModelType":1,"In":"Body","IsRequired":false,"ListDeepth":0,"isCollection":false,"isRetVal":false,"isBasicType":false},{"Id":"c2e98085-949b-4dc3-b3a8-c91f9e582603&^^&ResponseInfo","Code":"responseInfo","Name":"响应信息","Description":"响应信息","ModelId":"c2e98085-949b-4dc3-b3a8-c91f9e582603&^^&ResponseInfo","ModelCode":"ResponseInfo","ModelName":"ResponseInfo","RefId":"c2e98085-949b-4dc3-b3a8-c91f9e582603&^^&ResponseInfo","RefCode":"ResponseInfo","RefName":"ResponseInfo","RefPath":null,"RefFileName":null,"ModelType":1,"In":"","IsRequired":true,"ListDeepth":0,"isCollection":false,"isRetVal":true,"isBasicType":false}],"ResourceOpId":"c2e98085-949b-4dc3-b3a8-c91f9e582603&^^&Create","Transaction":false,"AssemblyInfo":null,"Extend1":"Basic","Extend2":null,"isDeprecated":false},{"Id":"c2e98085-949b-4dc3-b3a8-c91f9e582603&^^&BatchCreate","Code":"BatchCreate","Name":"批量新增教室","Description":"批量新增教室，可指定字段初始值。","HttpMethod":"POST","Template":"/batch","Parameters":[{"Id":"c2e98085-949b-4dc3-b3a8-c91f9e582603&^^&RequestInfo","Code":"requestInfo","Name":"请求信息","Description":"请求信息","ModelId":"c2e98085-949b-4dc3-b3a8-c91f9e582603&^^&RequestInfo","ModelCode":"RequestInfo","ModelName":"RequestInfo","RefId":"c2e98085-949b-4dc3-b3a8-c91f9e582603&^^&RequestInfo","RefCode":"RequestInfo","RefName":"RequestInfo","RefPath":null,"RefFileName":null,"ModelType":1,"In":"Body","IsRequired":true,"ListDeepth":0,"isCollection":false,"isRetVal":false,"isBasicType":false},{"Id":"c2e98085-949b-4dc3-b3a8-c91f9e582603&^^&retrieveDefaultParam","Code":"retrieveDefaultParam","Name":"默认值","Description":"默认值","ModelId":"c2e98085-949b-4dc3-b3a8-c91f9e582603&^^&RetrieveDefaultParam","ModelCode":"RetrieveDefaultParam","ModelName":"RetrieveDefaultParam","RefId":"c2e98085-949b-4dc3-b3a8-c91f9e582603&^^&RetrieveDefaultParam","RefCode":"RetrieveDefaultParam","RefName":"RetrieveDefaultParam","RefPath":null,"RefFileName":null,"ModelType":1,"In":"Body","IsRequired":false,"ListDeepth":0,"isCollection":false,"isRetVal":false,"isBasicType":false},{"Id":"c2e98085-949b-4dc3-b3a8-c91f9e582603&^^&ResponseInfo","Code":"responseInfo","Name":"响应信息","Description":"响应信息","ModelId":"c2e98085-949b-4dc3-b3a8-c91f9e582603&^^&ResponseInfo","ModelCode":"ResponseInfo","ModelName":"ResponseInfo","RefId":"c2e98085-949b-4dc3-b3a8-c91f9e582603&^^&ResponseInfo","RefCode":"ResponseInfo","RefName":"ResponseInfo","RefPath":null,"RefFileName":null,"ModelType":1,"In":"","IsRequired":true,"ListDeepth":0,"isCollection":false,"isRetVal":true,"isBasicType":false}],"ResourceOpId":"c2e98085-949b-4dc3-b3a8-c91f9e582603&^^&BatchCreate","Transaction":false,"AssemblyInfo":null,"Extend1":"Basic","Extend2":null,"isDeprecated":false},{"Id":"c2e98085-949b-4dc3-b3a8-c91f9e582603&^^&Edit","Code":"Edit","Name":"编辑教室","Description":"编辑指定的教室，此操作会锁定相应的教室数据。该操作成功后，其他用户不能修改该数据，直到调用”保存“或”取消“操作。","HttpMethod":"PUT","Template":"/service/edit/{dataId}","Parameters":[{"Id":"c2e98085-949b-4dc3-b3a8-c91f9e582603&^^&RequestInfo","Code":"requestInfo","Name":"请求信息","Description":"请求信息","ModelId":"c2e98085-949b-4dc3-b3a8-c91f9e582603&^^&RequestInfo","ModelCode":"RequestInfo","ModelName":"RequestInfo","RefId":"c2e98085-949b-4dc3-b3a8-c91f9e582603&^^&RequestInfo","RefCode":"RequestInfo","RefName":"RequestInfo","RefPath":null,"RefFileName":null,"ModelType":1,"In":"Body","IsRequired":false,"ListDeepth":0,"isCollection":false,"isRetVal":false,"isBasicType":false},{"Id":"c2e98085-949b-4dc3-b3a8-c91f9e582603&^^&RetrieveParam","Code":"dataId","Name":"单据内码","Description":"单据内码","ModelId":"string","ModelCode":null,"ModelName":"string","RefId":null,"RefCode":null,"RefName":null,"RefPath":null,"RefFileName":null,"ModelType":0,"In":"Path","IsRequired":true,"ListDeepth":0,"isCollection":false,"isRetVal":false,"isBasicType":true},{"Id":"c2e98085-949b-4dc3-b3a8-c91f9e582603&^^&ResponseInfo","Code":"responseInfo","Name":"响应信息","Description":"响应信息","ModelId":"c2e98085-949b-4dc3-b3a8-c91f9e582603&^^&ResponseInfo","ModelCode":"ResponseInfo","ModelName":"ResponseInfo","RefId":"c2e98085-949b-4dc3-b3a8-c91f9e582603&^^&ResponseInfo","RefCode":"ResponseInfo","RefName":"ResponseInfo","RefPath":null,"RefFileName":null,"ModelType":1,"In":"","IsRequired":true,"ListDeepth":0,"isCollection":false,"isRetVal":true,"isBasicType":false}],"ResourceOpId":"c2e98085-949b-4dc3-b3a8-c91f9e582603&^^&Edit","Transaction":false,"AssemblyInfo":null,"Extend1":"Basic","Extend2":null,"isDeprecated":false},{"Id":"c2e98085-949b-4dc3-b3a8-c91f9e582603&^^&Delete","Code":"Delete","Name":"删除教室","Description":"删除指定的教室，该操作仅在当前业务上下文中删除，并不会持久化到数据库。后续需调用”保存“操作进行持久化，如需要立即持久化，请调用”删除教室并保存“操作。","HttpMethod":"DELETE","Template":"/{dataId}","Parameters":[{"Id":"c2e98085-949b-4dc3-b3a8-c91f9e582603&^^&DeleteParam","Code":"dataId","Name":"单据内码","Description":"单据内码","ModelId":"string","ModelCode":null,"ModelName":"string","RefId":null,"RefCode":null,"RefName":null,"RefPath":null,"RefFileName":null,"ModelType":0,"In":"Path","IsRequired":true,"ListDeepth":0,"isCollection":false,"isRetVal":false,"isBasicType":true}],"ResourceOpId":"c2e98085-949b-4dc3-b3a8-c91f9e582603&^^&Delete","Transaction":false,"AssemblyInfo":null,"Extend1":"Basic","Extend2":null,"isDeprecated":false},{"Id":"c2e98085-949b-4dc3-b3a8-c91f9e582603&^^&DeleteAndSave","Code":"DeleteAndSave","Name":"删除教室并保存","Description":"删除指定的教室，并持久化到数据库。","HttpMethod":"PUT","Template":"/service/delete/{dataId}","Parameters":[{"Id":"c2e98085-949b-4dc3-b3a8-c91f9e582603&^^&RequestInfo","Code":"requestInfo","Name":"请求信息","Description":"请求信息","ModelId":"c2e98085-949b-4dc3-b3a8-c91f9e582603&^^&RequestInfo","ModelCode":"RequestInfo","ModelName":"RequestInfo","RefId":"c2e98085-949b-4dc3-b3a8-c91f9e582603&^^&RequestInfo","RefCode":"RequestInfo","RefName":"RequestInfo","RefPath":null,"RefFileName":null,"ModelType":1,"In":"Body","IsRequired":false,"ListDeepth":0,"isCollection":false,"isRetVal":false,"isBasicType":false},{"Id":"c2e98085-949b-4dc3-b3a8-c91f9e582603&^^&DeleteParam","Code":"dataId","Name":"单据内码","Description":"单据内码","ModelId":"string","ModelCode":null,"ModelName":"string","RefId":null,"RefCode":null,"RefName":null,"RefPath":null,"RefFileName":null,"ModelType":0,"In":"Path","IsRequired":true,"ListDeepth":0,"isCollection":false,"isRetVal":false,"isBasicType":true},{"Id":"c2e98085-949b-4dc3-b3a8-c91f9e582603&^^&ResponseInfo","Code":"responseInfo","Name":"响应信息","Description":"响应信息","ModelId":"c2e98085-949b-4dc3-b3a8-c91f9e582603&^^&ResponseInfo","ModelCode":"ResponseInfo","ModelName":"ResponseInfo","RefId":"c2e98085-949b-4dc3-b3a8-c91f9e582603&^^&ResponseInfo","RefCode":"ResponseInfo","RefName":"ResponseInfo","RefPath":null,"RefFileName":null,"ModelType":1,"In":"","IsRequired":true,"ListDeepth":0,"isCollection":false,"isRetVal":true,"isBasicType":false}],"ResourceOpId":"c2e98085-949b-4dc3-b3a8-c91f9e582603&^^&DeleteAndSave","Transaction":false,"AssemblyInfo":null,"Extend1":"Basic","Extend2":null,"isDeprecated":false},{"Id":"c2e98085-949b-4dc3-b3a8-c91f9e582603&^^&BatchDelete","Code":"BatchDelete","Name":"批量删除教室","Description":"批量删除指定的教室，该操作仅在当前业务上下文中删除，并不会持久化到数据库。后续需调用”保存“操作进行持久化，如需要立即持久化，请调用”批量删除教室并保存“操作。","HttpMethod":"DELETE","Template":"","Parameters":[{"Id":"c2e98085-949b-4dc3-b3a8-c91f9e582603&^^&BatchDeleteParam","Code":"ids","Name":"单据内码列表","Description":"单据内码列表","ModelId":"string","ModelCode":null,"ModelName":"string","RefId":null,"RefCode":null,"RefName":null,"RefPath":null,"RefFileName":null,"ModelType":0,"In":"Query","IsRequired":true,"ListDeepth":0,"isCollection":false,"isRetVal":false,"isBasicType":true}],"ResourceOpId":"c2e98085-949b-4dc3-b3a8-c91f9e582603&^^&BatchDelete","Transaction":false,"AssemblyInfo":null,"Extend1":"Basic","Extend2":null,"isDeprecated":true},{"Id":"c2e98085-949b-4dc3-b3a8-c91f9e582603&^^&BatchDeleteAndSave","Code":"BatchDeleteAndSave","Name":"批量删除教室并保存","Description":"批量删除指定的教室，并持久化到数据库。","HttpMethod":"POST","Template":"/batchdeleteandsave","Parameters":[{"Id":"c2e98085-949b-4dc3-b3a8-c91f9e582603&^^&RequestInfo","Code":"requestInfo","Name":"请求信息","Description":"请求信息","ModelId":"c2e98085-949b-4dc3-b3a8-c91f9e582603&^^&RequestInfo","ModelCode":"RequestInfo","ModelName":"RequestInfo","RefId":"c2e98085-949b-4dc3-b3a8-c91f9e582603&^^&RequestInfo","RefCode":"RequestInfo","RefName":"RequestInfo","RefPath":null,"RefFileName":null,"ModelType":1,"In":"Body","IsRequired":false,"ListDeepth":0,"isCollection":false,"isRetVal":false,"isBasicType":false},{"Id":"c2e98085-949b-4dc3-b3a8-c91f9e582603&^^&IdsParam","Code":"ids","Name":"单据内码列表","Description":"批量删除的单据内码列表","ModelId":"string","ModelCode":null,"ModelName":"string","RefId":null,"RefCode":null,"RefName":null,"RefPath":null,"RefFileName":null,"ModelType":0,"In":"Body","IsRequired":true,"ListDeepth":1,"isCollection":true,"isRetVal":false,"isBasicType":true},{"Id":"c2e98085-949b-4dc3-b3a8-c91f9e582603&^^&ResponseInfo","Code":"responseInfo","Name":"响应信息","Description":"响应信息","ModelId":"c2e98085-949b-4dc3-b3a8-c91f9e582603&^^&ResponseInfo","ModelCode":"ResponseInfo","ModelName":"ResponseInfo","RefId":"c2e98085-949b-4dc3-b3a8-c91f9e582603&^^&ResponseInfo","RefCode":"ResponseInfo","RefName":"ResponseInfo","RefPath":null,"RefFileName":null,"ModelType":1,"In":"","IsRequired":true,"ListDeepth":0,"isCollection":false,"isRetVal":true,"isBasicType":false}],"ResourceOpId":"c2e98085-949b-4dc3-b3a8-c91f9e582603&^^&BatchDeleteAndSave","Transaction":false,"AssemblyInfo":null,"Extend1":"Basic","Extend2":null,"isDeprecated":false},{"Id":"c2e98085-949b-4dc3-b3a8-c91f9e582603&^^&Update","Code":"Update","Name":"更新教室","Description":"通过变更集更新教室。","HttpMethod":"PATCH","Template":"","Parameters":[{"Id":"c2e98085-949b-4dc3-b3a8-c91f9e582603&^^&RequestInfo","Code":"requestInfo","Name":"请求信息","Description":"请求信息","ModelId":"c2e98085-949b-4dc3-b3a8-c91f9e582603&^^&RequestInfo","ModelCode":"RequestInfo","ModelName":"RequestInfo","RefId":"c2e98085-949b-4dc3-b3a8-c91f9e582603&^^&RequestInfo","RefCode":"RequestInfo","RefName":"RequestInfo","RefPath":null,"RefFileName":null,"ModelType":1,"In":"Body","IsRequired":false,"ListDeepth":0,"isCollection":false,"isRetVal":false,"isBasicType":false},{"Id":"c2e98085-949b-4dc3-b3a8-c91f9e582603&^^&UpdateParam","Code":"changeDetail","Name":"数据变更集","Description":"数据变更集","ModelId":"c2e98085-949b-4dc3-b3a8-c91f9e582603&^^&ChangeDetail","ModelCode":"ChangeDetail","ModelName":"ChangeDetail","RefId":"c2e98085-949b-4dc3-b3a8-c91f9e582603&^^&ChangeDetail","RefCode":"ChangeDetail","RefName":"ChangeDetail","RefPath":null,"RefFileName":null,"ModelType":1,"In":"Body","IsRequired":true,"ListDeepth":0,"isCollection":false,"isRetVal":false,"isBasicType":false},{"Id":"c2e98085-949b-4dc3-b3a8-c91f9e582603&^^&ResponseInfo","Code":"responseInfo","Name":"响应信息","Description":"响应信息","ModelId":"c2e98085-949b-4dc3-b3a8-c91f9e582603&^^&ResponseInfo","ModelCode":"ResponseInfo","ModelName":"ResponseInfo","RefId":"c2e98085-949b-4dc3-b3a8-c91f9e582603&^^&ResponseInfo","RefCode":"ResponseInfo","RefName":"ResponseInfo","RefPath":null,"RefFileName":null,"ModelType":1,"In":"","IsRequired":true,"ListDeepth":0,"isCollection":false,"isRetVal":true,"isBasicType":false}],"ResourceOpId":"c2e98085-949b-4dc3-b3a8-c91f9e582603&^^&Update","Transaction":false,"AssemblyInfo":null,"Extend1":"Basic","Extend2":null,"isDeprecated":false},{"Id":"c2e98085-949b-4dc3-b3a8-c91f9e582603&^^&Retrieve","Code":"Retrieve","Name":"检索教室","Description":"检索指定的教室，返回结果中包含教室的所有子表数据。","HttpMethod":"GET","Template":"/{dataId}","Parameters":[{"Id":"c2e98085-949b-4dc3-b3a8-c91f9e582603&^^&RetrieveParam","Code":"dataId","Name":"单据内码","Description":"单据内码","ModelId":"string","ModelCode":null,"ModelName":"string","RefId":null,"RefCode":null,"RefName":null,"RefPath":null,"RefFileName":null,"ModelType":0,"In":"Path","IsRequired":true,"ListDeepth":0,"isCollection":false,"isRetVal":false,"isBasicType":true},{"Id":"c2e98085-949b-4dc3-b3a8-c91f9e582603&^^&RetrieveParam1","Code":"classroom","Name":"教室","Description":"实体模型","ModelId":"c2e98085-949b-4dc3-b3a8-c91f9e582603","ModelCode":"classroomManagement_frm","ModelName":"教室管理_frm","RefId":"393e6d08-c799-4255-b789-60f87759175e","RefCode":"classroom","RefName":"教室","RefPath":null,"RefFileName":null,"ModelType":0,"In":"","IsRequired":true,"ListDeepth":0,"isCollection":false,"isRetVal":true,"isBasicType":false}],"ResourceOpId":"c2e98085-949b-4dc3-b3a8-c91f9e582603&^^&Retrieve","Transaction":false,"AssemblyInfo":null,"Extend1":"Basic","Extend2":null,"isDeprecated":false},{"Id":"c2e98085-949b-4dc3-b3a8-c91f9e582603&^^&RetrieveWithChildPagination","Code":"RetrieveWithChildPagination","Name":"检索教室（支持子表分页）","Description":"检索指定的教室，可对指定子表进行分页。","HttpMethod":"PUT","Template":"/service/retrieve/{dataId}","Parameters":[{"Id":"c2e98085-949b-4dc3-b3a8-c91f9e582603&^^&RequestInfo","Code":"requestInfo","Name":"请求信息","Description":"请求信息","ModelId":"c2e98085-949b-4dc3-b3a8-c91f9e582603&^^&RequestInfo","ModelCode":"RequestInfo","ModelName":"RequestInfo","RefId":"c2e98085-949b-4dc3-b3a8-c91f9e582603&^^&RequestInfo","RefCode":"RequestInfo","RefName":"RequestInfo","RefPath":null,"RefFileName":null,"ModelType":1,"In":"Body","IsRequired":false,"ListDeepth":0,"isCollection":false,"isRetVal":false,"isBasicType":false},{"Id":"c2e98085-949b-4dc3-b3a8-c91f9e582603&^^&dataId","Code":"dataId","Name":"单据内码","Description":"单据内码","ModelId":"string","ModelCode":null,"ModelName":"string","RefId":null,"RefCode":null,"RefName":null,"RefPath":null,"RefFileName":null,"ModelType":0,"In":"Path","IsRequired":true,"ListDeepth":0,"isCollection":false,"isRetVal":false,"isBasicType":true},{"Id":"c2e98085-949b-4dc3-b3a8-c91f9e582603&^^&retrieveParam","Code":"retrieveParam","Name":"查询参数","Description":"查询参数","ModelId":"c2e98085-949b-4dc3-b3a8-c91f9e582603&^^&RetrieveParam","ModelCode":"RetrieveParam","ModelName":"RetrieveParam","RefId":"c2e98085-949b-4dc3-b3a8-c91f9e582603&^^&RetrieveParam","RefCode":"RetrieveParam","RefName":"RetrieveParam","RefPath":null,"RefFileName":null,"ModelType":1,"In":"Body","IsRequired":true,"ListDeepth":0,"isCollection":false,"isRetVal":false,"isBasicType":false},{"Id":"c2e98085-949b-4dc3-b3a8-c91f9e582603&^^&ResponseInfo","Code":"responseInfo","Name":"响应信息","Description":"响应信息","ModelId":"c2e98085-949b-4dc3-b3a8-c91f9e582603&^^&ResponseInfo","ModelCode":"ResponseInfo","ModelName":"ResponseInfo","RefId":"c2e98085-949b-4dc3-b3a8-c91f9e582603&^^&ResponseInfo","RefCode":"ResponseInfo","RefName":"ResponseInfo","RefPath":null,"RefFileName":null,"ModelType":1,"In":"","IsRequired":true,"ListDeepth":0,"isCollection":false,"isRetVal":true,"isBasicType":false}],"ResourceOpId":"c2e98085-949b-4dc3-b3a8-c91f9e582603&^^&RetrieveWithChildPagination","Transaction":false,"AssemblyInfo":null,"Extend1":"Basic","Extend2":null,"isDeprecated":false},{"Id":"c2e98085-949b-4dc3-b3a8-c91f9e582603&^^&QueryChild","Code":"QueryChild","Name":"查询教室特定子表的数据","Description":"查询指定的教室下特定子表的数据。可对指定子表进行过滤、排序、分页。","HttpMethod":"PUT","Template":"/service/querychild","Parameters":[{"Id":"c2e98085-949b-4dc3-b3a8-c91f9e582603&^^&RequestInfo","Code":"requestInfo","Name":"请求信息","Description":"请求信息","ModelId":"c2e98085-949b-4dc3-b3a8-c91f9e582603&^^&RequestInfo","ModelCode":"RequestInfo","ModelName":"RequestInfo","RefId":"c2e98085-949b-4dc3-b3a8-c91f9e582603&^^&RequestInfo","RefCode":"RequestInfo","RefName":"RequestInfo","RefPath":null,"RefFileName":null,"ModelType":1,"In":"Body","IsRequired":false,"ListDeepth":0,"isCollection":false,"isRetVal":false,"isBasicType":false},{"Id":"c2e98085-949b-4dc3-b3a8-c91f9e582603&^^&nodeCodes","Code":"nodeCodes","Name":"节点编号列表","Description":"节点编号列表","ModelId":"string","ModelCode":null,"ModelName":"string","RefId":null,"RefCode":null,"RefName":null,"RefPath":null,"RefFileName":null,"ModelType":0,"In":"Body","IsRequired":true,"ListDeepth":1,"isCollection":true,"isRetVal":false,"isBasicType":true},{"Id":"c2e98085-949b-4dc3-b3a8-c91f9e582603&^^&ids","Code":"ids","Name":"内码列表","Description":"内码列表","ModelId":"string","ModelCode":null,"ModelName":"string","RefId":null,"RefCode":null,"RefName":null,"RefPath":null,"RefFileName":null,"ModelType":0,"In":"Body","IsRequired":true,"ListDeepth":1,"isCollection":true,"isRetVal":false,"isBasicType":true},{"Id":"c2e98085-949b-4dc3-b3a8-c91f9e582603&^^&pagination","Code":"pagination","Name":"分页信息","Description":"分页信息","ModelId":"c2e98085-949b-4dc3-b3a8-c91f9e582603&^^&Pagination","ModelCode":"Pagination","ModelName":"Pagination","RefId":"c2e98085-949b-4dc3-b3a8-c91f9e582603&^^&Pagination","RefCode":"Pagination","RefName":"Pagination","RefPath":null,"RefFileName":null,"ModelType":1,"In":"Body","IsRequired":true,"ListDeepth":0,"isCollection":false,"isRetVal":false,"isBasicType":false},{"Id":"c2e98085-949b-4dc3-b3a8-c91f9e582603&^^&ResponseInfo","Code":"responseInfo","Name":"响应信息","Description":"响应信息","ModelId":"c2e98085-949b-4dc3-b3a8-c91f9e582603&^^&ResponseInfo","ModelCode":"ResponseInfo","ModelName":"ResponseInfo","RefId":"c2e98085-949b-4dc3-b3a8-c91f9e582603&^^&ResponseInfo","RefCode":"ResponseInfo","RefName":"ResponseInfo","RefPath":null,"RefFileName":null,"ModelType":1,"In":"","IsRequired":true,"ListDeepth":0,"isCollection":false,"isRetVal":true,"isBasicType":false}],"ResourceOpId":"c2e98085-949b-4dc3-b3a8-c91f9e582603&^^&QueryChild","Transaction":false,"AssemblyInfo":null,"Extend1":"Basic","Extend2":null,"isDeprecated":false},{"Id":"c2e98085-949b-4dc3-b3a8-c91f9e582603&^^&Query","Code":"Query","Name":"查询教室","Description":"查询教室，可指定查询过滤条件、排序字段、设置分页。","HttpMethod":"GET","Template":"","Parameters":[{"Id":"c2e98085-949b-4dc3-b3a8-c91f9e582603&^^&EntityFilterParam","Code":"entityFilter","Name":"过滤条件","Description":"过滤条件","ModelId":"string","ModelCode":null,"ModelName":"string","RefId":null,"RefCode":null,"RefName":null,"RefPath":null,"RefFileName":null,"ModelType":0,"In":"Query","IsRequired":true,"ListDeepth":0,"isCollection":false,"isRetVal":false,"isBasicType":true},{"Id":"c2e98085-949b-4dc3-b3a8-c91f9e582603&^^&QueryParam","Code":"classroom","Name":"教室","Description":"实体模型","ModelId":"c2e98085-949b-4dc3-b3a8-c91f9e582603","ModelCode":"classroomManagement_frm","ModelName":"教室管理_frm","RefId":"393e6d08-c799-4255-b789-60f87759175e","RefCode":"classroom","RefName":"教室","RefPath":null,"RefFileName":null,"ModelType":0,"In":"","IsRequired":true,"ListDeepth":1,"isCollection":true,"isRetVal":true,"isBasicType":false}],"ResourceOpId":"c2e98085-949b-4dc3-b3a8-c91f9e582603&^^&Query","Transaction":false,"AssemblyInfo":null,"Extend1":"Basic","Extend2":null,"isDeprecated":true},{"Id":"c2e98085-949b-4dc3-b3a8-c91f9e582603&^^&Save","Code":"Save","Name":"保存","Description":"将当前业务上下文内所有修改的数据持久化到数据库。","HttpMethod":"PUT","Template":"","Parameters":[{"Id":"c2e98085-949b-4dc3-b3a8-c91f9e582603&^^&RequestInfo","Code":"requestInfo","Name":"请求信息","Description":"请求信息","ModelId":"c2e98085-949b-4dc3-b3a8-c91f9e582603&^^&RequestInfo","ModelCode":"RequestInfo","ModelName":"RequestInfo","RefId":"c2e98085-949b-4dc3-b3a8-c91f9e582603&^^&RequestInfo","RefCode":"RequestInfo","RefName":"RequestInfo","RefPath":null,"RefFileName":null,"ModelType":1,"In":"Body","IsRequired":false,"ListDeepth":0,"isCollection":false,"isRetVal":false,"isBasicType":false},{"Id":"c2e98085-949b-4dc3-b3a8-c91f9e582603&^^&ResponseInfo","Code":"responseInfo","Name":"响应信息","Description":"响应信息","ModelId":"c2e98085-949b-4dc3-b3a8-c91f9e582603&^^&ResponseInfo","ModelCode":"ResponseInfo","ModelName":"ResponseInfo","RefId":"c2e98085-949b-4dc3-b3a8-c91f9e582603&^^&ResponseInfo","RefCode":"ResponseInfo","RefName":"ResponseInfo","RefPath":null,"RefFileName":null,"ModelType":1,"In":"","IsRequired":true,"ListDeepth":0,"isCollection":false,"isRetVal":true,"isBasicType":false}],"ResourceOpId":"c2e98085-949b-4dc3-b3a8-c91f9e582603&^^&Save","Transaction":false,"AssemblyInfo":null,"Extend1":"Basic","Extend2":null,"isDeprecated":false},{"Id":"c2e98085-949b-4dc3-b3a8-c91f9e582603&^^&Cancel","Code":"Cancel","Name":"取消","Description":"取消所有数据的修改，此操作会将修改过程中锁定的数据解锁。","HttpMethod":"POST","Template":"service/cancel","Parameters":null,"ResourceOpId":"c2e98085-949b-4dc3-b3a8-c91f9e582603&^^&Cancel","Transaction":false,"AssemblyInfo":null,"Extend1":"Basic","Extend2":null,"isDeprecated":false},{"Id":"c2e98085-949b-4dc3-b3a8-c91f9e582603&^^&HasChanges","Code":"HasChanges","Name":"检查变更","Description":"检查当前业务上下文内是否存在未保存的变更","HttpMethod":"PUT","Template":"haschanges","Parameters":[{"Id":"c2e98085-949b-4dc3-b3a8-c91f9e582603&^^&RequestInfo","Code":"requestInfo","Name":"请求信息","Description":"请求信息","ModelId":"c2e98085-949b-4dc3-b3a8-c91f9e582603&^^&RequestInfo","ModelCode":"RequestInfo","ModelName":"RequestInfo","RefId":"c2e98085-949b-4dc3-b3a8-c91f9e582603&^^&RequestInfo","RefCode":"RequestInfo","RefName":"RequestInfo","RefPath":null,"RefFileName":null,"ModelType":1,"In":"Body","IsRequired":false,"ListDeepth":0,"isCollection":false,"isRetVal":false,"isBasicType":false},{"Id":"c2e98085-949b-4dc3-b3a8-c91f9e582603&^^&ResponseInfo","Code":"responseInfo","Name":"响应信息","Description":"响应信息","ModelId":"c2e98085-949b-4dc3-b3a8-c91f9e582603&^^&ResponseInfo","ModelCode":"ResponseInfo","ModelName":"ResponseInfo","RefId":"c2e98085-949b-4dc3-b3a8-c91f9e582603&^^&ResponseInfo","RefCode":"ResponseInfo","RefName":"ResponseInfo","RefPath":null,"RefFileName":null,"ModelType":1,"In":"","IsRequired":true,"ListDeepth":0,"isCollection":false,"isRetVal":true,"isBasicType":false}],"ResourceOpId":"c2e98085-949b-4dc3-b3a8-c91f9e582603&^^&HasChanges","Transaction":false,"AssemblyInfo":null,"Extend1":"Basic","Extend2":null,"isDeprecated":false},{"Id":"c2e98085-949b-4dc3-b3a8-c91f9e582603&^^&ElementHelp","Code":"GetElementHelp","Name":"获取字段帮助数据","Description":"获取指定帮助字段的帮助数据，支持教室及其子表的所有帮助字段的帮助数据。如果查询条件较长，建议使用”获取字段帮助数据“操作。","HttpMethod":"GET","Template":"elementhelps/{labelId}","Parameters":[{"Id":"c2e98085-949b-4dc3-b3a8-c91f9e582603&^^&labelIdParam","Code":"labelId","Name":"标签Id","Description":"标签内码","ModelId":"string","ModelCode":null,"ModelName":"string","RefId":null,"RefCode":null,"RefName":null,"RefPath":null,"RefFileName":null,"ModelType":0,"In":"Path","IsRequired":true,"ListDeepth":0,"isCollection":false,"isRetVal":false,"isBasicType":true},{"Id":"c2e98085-949b-4dc3-b3a8-c91f9e582603&^^&nodeCodeParam","Code":"nodeCode","Name":"节点编号","Description":"节点编号","ModelId":"string","ModelCode":null,"ModelName":"string","RefId":null,"RefCode":null,"RefName":null,"RefPath":null,"RefFileName":null,"ModelType":0,"In":"Query","IsRequired":true,"ListDeepth":0,"isCollection":false,"isRetVal":false,"isBasicType":true},{"Id":"c2e98085-949b-4dc3-b3a8-c91f9e582603&^^&queryParam","Code":"queryParam","Name":"查询参数","Description":"查询参数","ModelId":"string","ModelCode":null,"ModelName":"string","RefId":null,"RefCode":null,"RefName":null,"RefPath":null,"RefFileName":null,"ModelType":0,"In":"Query","IsRequired":true,"ListDeepth":0,"isCollection":false,"isRetVal":false,"isBasicType":true},{"Id":"c2e98085-949b-4dc3-b3a8-c91f9e582603&^^&ElementHelpRetParam","Code":"return","Name":"返回值","Description":"返回值","ModelId":"c2e98085-949b-4dc3-b3a8-c91f9e582603&^^&LookupResult","ModelCode":"LookupResult","ModelName":"LookupResult","RefId":"c2e98085-949b-4dc3-b3a8-c91f9e582603&^^&LookupResult","RefCode":"LookupResult","RefName":"LookupResult","RefPath":null,"RefFileName":null,"ModelType":1,"In":"","IsRequired":true,"ListDeepth":0,"isCollection":false,"isRetVal":true,"isBasicType":false}],"ResourceOpId":"c2e98085-949b-4dc3-b3a8-c91f9e582603&^^&ElementHelp","Transaction":false,"AssemblyInfo":null,"Extend1":"Basic","Extend2":null,"isDeprecated":true},{"Id":"c2e98085-949b-4dc3-b3a8-c91f9e582603&^^&Extend_Delete","Code":"Extend_Delete","Name":"删除教室","Description":"删除指定的教室。该操作仅在当前业务上下文中删除，并不会持久化到数据库。后续需调用”保存“操作进行持久化，如需要立即持久化，请调用”删除教室并保存“操作。也可通过变更集，在删除过程中修改其他数据，并返回删除过程中产生的其他变更。","HttpMethod":"PUT","Template":"/extension/delete/{dataId}","Parameters":[{"Id":"c2e98085-949b-4dc3-b3a8-c91f9e582603&^^&RequestInfo","Code":"requestInfo","Name":"请求信息","Description":"请求信息","ModelId":"c2e98085-949b-4dc3-b3a8-c91f9e582603&^^&RequestInfo","ModelCode":"RequestInfo","ModelName":"RequestInfo","RefId":"c2e98085-949b-4dc3-b3a8-c91f9e582603&^^&RequestInfo","RefCode":"RequestInfo","RefName":"RequestInfo","RefPath":null,"RefFileName":null,"ModelType":1,"In":"Body","IsRequired":false,"ListDeepth":0,"isCollection":false,"isRetVal":false,"isBasicType":false},{"Id":"c2e98085-949b-4dc3-b3a8-c91f9e582603&^^&DeleteParam","Code":"dataId","Name":"单据内码","Description":"单据内码","ModelId":"string","ModelCode":null,"ModelName":"string","RefId":null,"RefCode":null,"RefName":null,"RefPath":null,"RefFileName":null,"ModelType":0,"In":"Path","IsRequired":false,"ListDeepth":0,"isCollection":false,"isRetVal":false,"isBasicType":true},{"Id":"c2e98085-949b-4dc3-b3a8-c91f9e582603&^^&ResponseInfo","Code":"responseInfo","Name":"响应信息","Description":"响应信息","ModelId":"c2e98085-949b-4dc3-b3a8-c91f9e582603&^^&ResponseInfo","ModelCode":"ResponseInfo","ModelName":"ResponseInfo","RefId":"c2e98085-949b-4dc3-b3a8-c91f9e582603&^^&ResponseInfo","RefCode":"ResponseInfo","RefName":"ResponseInfo","RefPath":null,"RefFileName":null,"ModelType":1,"In":"","IsRequired":true,"ListDeepth":0,"isCollection":false,"isRetVal":true,"isBasicType":false}],"ResourceOpId":"c2e98085-949b-4dc3-b3a8-c91f9e582603&^^&Extend_Delete","Transaction":false,"AssemblyInfo":null,"Extend1":"Basic","Extend2":null,"isDeprecated":false},{"Id":"c2e98085-949b-4dc3-b3a8-c91f9e582603&^^&Extend_BatchDelete","Code":"Extend_BatchDelete","Name":"批量删除教室","Description":"批量删除指定的教室，如删除数据较多，建议使用”批量删除教室“操作。","HttpMethod":"PUT","Template":"/extension/batchdelete","Parameters":[{"Id":"c2e98085-949b-4dc3-b3a8-c91f9e582603&^^&RequestInfo","Code":"requestInfo","Name":"请求信息","Description":"请求信息","ModelId":"c2e98085-949b-4dc3-b3a8-c91f9e582603&^^&RequestInfo","ModelCode":"RequestInfo","ModelName":"RequestInfo","RefId":"c2e98085-949b-4dc3-b3a8-c91f9e582603&^^&RequestInfo","RefCode":"RequestInfo","RefName":"RequestInfo","RefPath":null,"RefFileName":null,"ModelType":1,"In":"Body","IsRequired":false,"ListDeepth":0,"isCollection":false,"isRetVal":false,"isBasicType":false},{"Id":"c2e98085-949b-4dc3-b3a8-c91f9e582603&^^&BatchDeleteParam","Code":"ids","Name":"单据内码列表","Description":"单据内码列表","ModelId":"string","ModelCode":null,"ModelName":"string","RefId":null,"RefCode":null,"RefName":null,"RefPath":null,"RefFileName":null,"ModelType":0,"In":"Query","IsRequired":true,"ListDeepth":0,"isCollection":false,"isRetVal":false,"isBasicType":true},{"Id":"c2e98085-949b-4dc3-b3a8-c91f9e582603&^^&ResponseInfo","Code":"responseInfo","Name":"响应信息","Description":"响应信息","ModelId":"c2e98085-949b-4dc3-b3a8-c91f9e582603&^^&ResponseInfo","ModelCode":"ResponseInfo","ModelName":"ResponseInfo","RefId":"c2e98085-949b-4dc3-b3a8-c91f9e582603&^^&ResponseInfo","RefCode":"ResponseInfo","RefName":"ResponseInfo","RefPath":null,"RefFileName":null,"ModelType":1,"In":"","IsRequired":true,"ListDeepth":0,"isCollection":false,"isRetVal":true,"isBasicType":false}],"ResourceOpId":"c2e98085-949b-4dc3-b3a8-c91f9e582603&^^&Extend_BatchDelete","Transaction":false,"AssemblyInfo":null,"Extend1":"Basic","Extend2":null,"isDeprecated":true},{"Id":"c2e98085-949b-4dc3-b3a8-c91f9e582603&^^&Extension_BatchDeletion","Code":"Extension_BatchDeletion","Name":"批量删除教室","Description":"批量删除指定的教室，该操作仅在当前业务上下文中删除，并不会持久化到数据库。后续需调用”保存“操作进行持久化，如需要立即持久化，请调用”批量删除教室并保存“操作。可在删除过程中，修改其他数据，并返回删除过程中产生的其他变更。","HttpMethod":"PUT","Template":"/extension/batchdeletion","Parameters":[{"Id":"c2e98085-949b-4dc3-b3a8-c91f9e582603&^^&RequestInfo","Code":"requestInfo","Name":"请求信息","Description":"请求信息","ModelId":"c2e98085-949b-4dc3-b3a8-c91f9e582603&^^&RequestInfo","ModelCode":"RequestInfo","ModelName":"RequestInfo","RefId":"c2e98085-949b-4dc3-b3a8-c91f9e582603&^^&RequestInfo","RefCode":"RequestInfo","RefName":"RequestInfo","RefPath":null,"RefFileName":null,"ModelType":1,"In":"Body","IsRequired":false,"ListDeepth":0,"isCollection":false,"isRetVal":false,"isBasicType":false},{"Id":"c2e98085-949b-4dc3-b3a8-c91f9e582603&^^&Ids","Code":"ids","Name":"单据内码集合","Description":"批量删除的内码集合","ModelId":"string","ModelCode":null,"ModelName":"string","RefId":null,"RefCode":null,"RefName":null,"RefPath":null,"RefFileName":null,"ModelType":0,"In":"Body","IsRequired":true,"ListDeepth":1,"isCollection":true,"isRetVal":false,"isBasicType":true},{"Id":"c2e98085-949b-4dc3-b3a8-c91f9e582603&^^&ResponseInfo","Code":"responseInfo","Name":"响应信息","Description":"响应信息","ModelId":"c2e98085-949b-4dc3-b3a8-c91f9e582603&^^&ResponseInfo","ModelCode":"ResponseInfo","ModelName":"ResponseInfo","RefId":"c2e98085-949b-4dc3-b3a8-c91f9e582603&^^&ResponseInfo","RefCode":"ResponseInfo","RefName":"ResponseInfo","RefPath":null,"RefFileName":null,"ModelType":1,"In":"","IsRequired":true,"ListDeepth":0,"isCollection":false,"isRetVal":true,"isBasicType":false}],"ResourceOpId":"c2e98085-949b-4dc3-b3a8-c91f9e582603&^^&Extension_BatchDeletion","Transaction":false,"AssemblyInfo":null,"Extend1":"Basic","Extend2":null,"isDeprecated":false},{"Id":"c2e98085-949b-4dc3-b3a8-c91f9e582603&^^&Extend_Retrieve","Code":"Extend_Retrieve","Name":"检索教室","Description":"检索指定的教室，返回结果中包含教室的所有子表数据。也可通过变更集，在删除过程中修改其他数据，并返回删除过程中产生的其他变更。","HttpMethod":"PUT","Template":"/extension/retrieve/{dataId}","Parameters":[{"Id":"c2e98085-949b-4dc3-b3a8-c91f9e582603&^^&RequestInfo","Code":"requestInfo","Name":"请求信息","Description":"请求信息","ModelId":"c2e98085-949b-4dc3-b3a8-c91f9e582603&^^&RequestInfo","ModelCode":"RequestInfo","ModelName":"RequestInfo","RefId":"c2e98085-949b-4dc3-b3a8-c91f9e582603&^^&RequestInfo","RefCode":"RequestInfo","RefName":"RequestInfo","RefPath":null,"RefFileName":null,"ModelType":1,"In":"Body","IsRequired":false,"ListDeepth":0,"isCollection":false,"isRetVal":false,"isBasicType":false},{"Id":"c2e98085-949b-4dc3-b3a8-c91f9e582603&^^&RetrieveParam","Code":"dataId","Name":"单据内码","Description":"单据内码","ModelId":"string","ModelCode":null,"ModelName":"string","RefId":null,"RefCode":null,"RefName":null,"RefPath":null,"RefFileName":null,"ModelType":0,"In":"Path","IsRequired":true,"ListDeepth":0,"isCollection":false,"isRetVal":false,"isBasicType":true},{"Id":"c2e98085-949b-4dc3-b3a8-c91f9e582603&^^&ResponseInfo","Code":"responseInfo","Name":"响应信息","Description":"响应信息","ModelId":"c2e98085-949b-4dc3-b3a8-c91f9e582603&^^&ResponseInfo","ModelCode":"ResponseInfo","ModelName":"ResponseInfo","RefId":"c2e98085-949b-4dc3-b3a8-c91f9e582603&^^&ResponseInfo","RefCode":"ResponseInfo","RefName":"ResponseInfo","RefPath":null,"RefFileName":null,"ModelType":1,"In":"","IsRequired":true,"ListDeepth":0,"isCollection":false,"isRetVal":true,"isBasicType":false}],"ResourceOpId":"c2e98085-949b-4dc3-b3a8-c91f9e582603&^^&Extend_Retrieve","Transaction":false,"AssemblyInfo":null,"Extend1":"Basic","Extend2":null,"isDeprecated":false},{"Id":"c2e98085-949b-4dc3-b3a8-c91f9e582603&^^&Extend_Query","Code":"Extend_Query","Name":"查询教室","Description":"按照查询条件查询教室。如果查询条件较长，建议使用”查询教室“操作。","HttpMethod":"PUT","Template":"/extension/query","Parameters":[{"Id":"c2e98085-949b-4dc3-b3a8-c91f9e582603&^^&RequestInfo","Code":"requestInfo","Name":"请求信息","Description":"请求信息","ModelId":"c2e98085-949b-4dc3-b3a8-c91f9e582603&^^&RequestInfo","ModelCode":"RequestInfo","ModelName":"RequestInfo","RefId":"c2e98085-949b-4dc3-b3a8-c91f9e582603&^^&RequestInfo","RefCode":"RequestInfo","RefName":"RequestInfo","RefPath":null,"RefFileName":null,"ModelType":1,"In":"Body","IsRequired":false,"ListDeepth":0,"isCollection":false,"isRetVal":false,"isBasicType":false},{"Id":"c2e98085-949b-4dc3-b3a8-c91f9e582603&^^&EntityFilterParam","Code":"entityFilter","Name":"过滤条件","Description":"过滤条件","ModelId":"string","ModelCode":null,"ModelName":"string","RefId":null,"RefCode":null,"RefName":null,"RefPath":null,"RefFileName":null,"ModelType":0,"In":"Query","IsRequired":false,"ListDeepth":0,"isCollection":false,"isRetVal":false,"isBasicType":true},{"Id":"c2e98085-949b-4dc3-b3a8-c91f9e582603&^^&ResponseInfo","Code":"responseInfo","Name":"响应信息","Description":"响应信息","ModelId":"c2e98085-949b-4dc3-b3a8-c91f9e582603&^^&ResponseInfo","ModelCode":"ResponseInfo","ModelName":"ResponseInfo","RefId":"c2e98085-949b-4dc3-b3a8-c91f9e582603&^^&ResponseInfo","RefCode":"ResponseInfo","RefName":"ResponseInfo","RefPath":null,"RefFileName":null,"ModelType":1,"In":"","IsRequired":true,"ListDeepth":0,"isCollection":false,"isRetVal":true,"isBasicType":false}],"ResourceOpId":"c2e98085-949b-4dc3-b3a8-c91f9e582603&^^&Extend_Query","Transaction":false,"AssemblyInfo":null,"Extend1":"Basic","Extend2":null,"isDeprecated":true},{"Id":"c2e98085-949b-4dc3-b3a8-c91f9e582603&^^&Extension_Filter","Code":"Extension_Filter","Name":"查询教室","Description":"按照查询条件查询教室，可指定查询过滤条件、排序字段、设置分页。也可通过变更集，在删除过程中修改其他数据，并返回删除过程中产生的其他变更。","HttpMethod":"POST","Template":"/extension/filter","Parameters":[{"Id":"c2e98085-949b-4dc3-b3a8-c91f9e582603&^^&RequestInfo","Code":"requestInfo","Name":"请求信息","Description":"请求信息","ModelId":"c2e98085-949b-4dc3-b3a8-c91f9e582603&^^&RequestInfo","ModelCode":"RequestInfo","ModelName":"RequestInfo","RefId":"c2e98085-949b-4dc3-b3a8-c91f9e582603&^^&RequestInfo","RefCode":"RequestInfo","RefName":"RequestInfo","RefPath":null,"RefFileName":null,"ModelType":1,"In":"Body","IsRequired":false,"ListDeepth":0,"isCollection":false,"isRetVal":false,"isBasicType":false},{"Id":"c2e98085-949b-4dc3-b3a8-c91f9e582603&^^&EntityFilter","Code":"entityFilter","Name":"过滤条件","Description":"过滤条件","ModelId":"c2e98085-949b-4dc3-b3a8-c91f9e582603&^^&EntityFilter","ModelCode":"EntityFilter","ModelName":"EntityFilter","RefId":"c2e98085-949b-4dc3-b3a8-c91f9e582603&^^&EntityFilter","RefCode":"EntityFilter","RefName":"EntityFilter","RefPath":null,"RefFileName":null,"ModelType":1,"In":"Body","IsRequired":false,"ListDeepth":0,"isCollection":false,"isRetVal":false,"isBasicType":false},{"Id":"c2e98085-949b-4dc3-b3a8-c91f9e582603&^^&ResponseInfo","Code":"responseInfo","Name":"响应信息","Description":"响应信息","ModelId":"c2e98085-949b-4dc3-b3a8-c91f9e582603&^^&ResponseInfo","ModelCode":"ResponseInfo","ModelName":"ResponseInfo","RefId":"c2e98085-949b-4dc3-b3a8-c91f9e582603&^^&ResponseInfo","RefCode":"ResponseInfo","RefName":"ResponseInfo","RefPath":null,"RefFileName":null,"ModelType":1,"In":"","IsRequired":true,"ListDeepth":0,"isCollection":false,"isRetVal":true,"isBasicType":false}],"ResourceOpId":"c2e98085-949b-4dc3-b3a8-c91f9e582603&^^&Extension_Filter","Transaction":false,"AssemblyInfo":null,"Extend1":"Basic","Extend2":null,"isDeprecated":false},{"Id":"c2e98085-949b-4dc3-b3a8-c91f9e582603&^^&Extend_ElementHelp","Code":"Extend_GetElementHelp","Name":"获取字段帮助数据","Description":"获取指定帮助字段的帮助数据，支持教室及其子表的所有帮助字段的帮助数据。也可通过变更集，在删除过程中修改其他数据，并返回删除过程中产生的其他变更。","HttpMethod":"PUT","Template":"/extension/elementhelps","Parameters":[{"Id":"c2e98085-949b-4dc3-b3a8-c91f9e582603&^^&RequestInfo","Code":"requestInfo","Name":"请求信息","Description":"请求信息","ModelId":"c2e98085-949b-4dc3-b3a8-c91f9e582603&^^&RequestInfo","ModelCode":"RequestInfo","ModelName":"RequestInfo","RefId":"c2e98085-949b-4dc3-b3a8-c91f9e582603&^^&RequestInfo","RefCode":"RequestInfo","RefName":"RequestInfo","RefPath":null,"RefFileName":null,"ModelType":1,"In":"Body","IsRequired":false,"ListDeepth":0,"isCollection":false,"isRetVal":false,"isBasicType":false},{"Id":"c2e98085-949b-4dc3-b3a8-c91f9e582603&^^&labelIdParam","Code":"labelId","Name":"标签Id","Description":"标签内码","ModelId":"string","ModelCode":null,"ModelName":"string","RefId":null,"RefCode":null,"RefName":null,"RefPath":null,"RefFileName":null,"ModelType":0,"In":"Body","IsRequired":true,"ListDeepth":0,"isCollection":false,"isRetVal":false,"isBasicType":true},{"Id":"c2e98085-949b-4dc3-b3a8-c91f9e582603&^^&nodeCodeParam","Code":"nodeCode","Name":"节点编号","Description":"节点编号","ModelId":"string","ModelCode":null,"ModelName":"string","RefId":null,"RefCode":null,"RefName":null,"RefPath":null,"RefFileName":null,"ModelType":0,"In":"Body","IsRequired":true,"ListDeepth":0,"isCollection":false,"isRetVal":false,"isBasicType":true},{"Id":"c2e98085-949b-4dc3-b3a8-c91f9e582603&^^&queryParam","Code":"queryParam","Name":"查询参数","Description":"查询参数","ModelId":"c2e98085-949b-4dc3-b3a8-c91f9e582603&^^&LookupQueryParam","ModelCode":"LookupQueryParam","ModelName":"LookupQueryParam","RefId":"c2e98085-949b-4dc3-b3a8-c91f9e582603&^^&LookupQueryParam","RefCode":"LookupQueryParam","RefName":"LookupQueryParam","RefPath":null,"RefFileName":null,"ModelType":1,"In":"Body","IsRequired":true,"ListDeepth":0,"isCollection":false,"isRetVal":false,"isBasicType":true},{"Id":"c2e98085-949b-4dc3-b3a8-c91f9e582603&^^&ResponseInfo","Code":"responseInfo","Name":"响应信息","Description":"响应信息","ModelId":"c2e98085-949b-4dc3-b3a8-c91f9e582603&^^&ResponseInfo","ModelCode":"ResponseInfo","ModelName":"ResponseInfo","RefId":"c2e98085-949b-4dc3-b3a8-c91f9e582603&^^&ResponseInfo","RefCode":"ResponseInfo","RefName":"ResponseInfo","RefPath":null,"RefFileName":null,"ModelType":1,"In":"","IsRequired":true,"ListDeepth":0,"isCollection":false,"isRetVal":true,"isBasicType":false}],"ResourceOpId":"c2e98085-949b-4dc3-b3a8-c91f9e582603&^^&Extend_ElementHelp","Transaction":false,"AssemblyInfo":null,"Extend1":"Basic","Extend2":null,"isDeprecated":false}],"Extension":null},"Models":[{"Id":"c2e98085-949b-4dc3-b3a8-c91f9e582603&^^&RequestInfo","Code":"RequestInfo","Name":"RequestInfo","ModelId":"c2e98085-949b-4dc3-b3a8-c91f9e582603&^^&RequestInfo","ModelCode":"RequestInfo","ModelName":"RequestInfo","RelativePath":null,"FileName":null,"ModelType":1},{"Id":"c2e98085-949b-4dc3-b3a8-c91f9e582603&^^&DefaultValue","Code":"DefaultValue","Name":"DefaultValue","ModelId":"c2e98085-949b-4dc3-b3a8-c91f9e582603&^^&DefaultValue","ModelCode":"DefaultValue","ModelName":"DefaultValue","RelativePath":null,"FileName":null,"ModelType":1},{"Id":"c2e98085-949b-4dc3-b3a8-c91f9e582603&^^&ResponseInfo","Code":"ResponseInfo","Name":"ResponseInfo","ModelId":"c2e98085-949b-4dc3-b3a8-c91f9e582603&^^&ResponseInfo","ModelCode":"ResponseInfo","ModelName":"ResponseInfo","RelativePath":null,"FileName":null,"ModelType":1},{"Id":"c2e98085-949b-4dc3-b3a8-c91f9e582603&^^&RetrieveDefaultParam","Code":"RetrieveDefaultParam","Name":"RetrieveDefaultParam","ModelId":"c2e98085-949b-4dc3-b3a8-c91f9e582603&^^&RetrieveDefaultParam","ModelCode":"RetrieveDefaultParam","ModelName":"RetrieveDefaultParam","RelativePath":null,"FileName":null,"ModelType":1},{"Id":"c2e98085-949b-4dc3-b3a8-c91f9e582603&^^&ChangeDetail","Code":"ChangeDetail","Name":"ChangeDetail","ModelId":"c2e98085-949b-4dc3-b3a8-c91f9e582603&^^&ChangeDetail","ModelCode":"ChangeDetail","ModelName":"ChangeDetail","RelativePath":null,"FileName":null,"ModelType":1},{"Id":"393e6d08-c799-4255-b789-60f87759175e","Code":"classroom","Name":"教室","ModelId":"c2e98085-949b-4dc3-b3a8-c91f9e582603","ModelCode":"classroomManagement_frm","ModelName":"教室管理_frm","RelativePath":null,"FileName":null,"ModelType":0},{"Id":"c2e98085-949b-4dc3-b3a8-c91f9e582603&^^&RetrieveParam","Code":"RetrieveParam","Name":"RetrieveParam","ModelId":"c2e98085-949b-4dc3-b3a8-c91f9e582603&^^&RetrieveParam","ModelCode":"RetrieveParam","ModelName":"RetrieveParam","RelativePath":null,"FileName":null,"ModelType":1},{"Id":"c2e98085-949b-4dc3-b3a8-c91f9e582603&^^&Pagination","Code":"Pagination","Name":"Pagination","ModelId":"c2e98085-949b-4dc3-b3a8-c91f9e582603&^^&Pagination","ModelCode":"Pagination","ModelName":"Pagination","RelativePath":null,"FileName":null,"ModelType":1},{"Id":"c2e98085-949b-4dc3-b3a8-c91f9e582603&^^&LookupResult","Code":"LookupResult","Name":"LookupResult","ModelId":"c2e98085-949b-4dc3-b3a8-c91f9e582603&^^&LookupResult","ModelCode":"LookupResult","ModelName":"LookupResult","RelativePath":null,"FileName":null,"ModelType":1},{"Id":"c2e98085-949b-4dc3-b3a8-c91f9e582603&^^&EntityFilter","Code":"EntityFilter","Name":"EntityFilter","ModelId":"c2e98085-949b-4dc3-b3a8-c91f9e582603&^^&EntityFilter","ModelCode":"EntityFilter","ModelName":"EntityFilter","RelativePath":null,"FileName":null,"ModelType":1}],"EndPoint":"/managementsystem/lesson/v1.0/classroommanagement_frm","Router":"/api/managementsystem/lesson/v1.0/classroommanagement_frm"}]