{"root-component":{"name":""},"root-layout":{"name":""},"query-scheme-section":{"name":""},"Section/query-scheme-section/mainTitle":{"name":"主标题"},"Section/query-scheme-section/subTitle":{"name":""},"query-scheme-1":{"name":"默认筛选方案"},"QueryScheme/query-scheme-1/filterText":{"name":"筛选"},"QueryScheme/query-scheme-1/2ebcd346-0a7f-4da8-8932-420f268db28d":{"name":"主键"},"QueryScheme/query-scheme-1/2ebcd346-0a7f-4da8-8932-420f268db28d/placeHolder":{"name":""},"QueryScheme/query-scheme-1/3db07896-f1b0-4f24-b83c-12ed0de612c0":{"name":"版本"},"QueryScheme/query-scheme-1/3db07896-f1b0-4f24-b83c-12ed0de612c0/placeHolder":{"name":""},"QueryScheme/query-scheme-1/721383c1-8d11-46ce-aa45-63e9318f4f7e":{"name":"教室名称"},"QueryScheme/query-scheme-1/721383c1-8d11-46ce-aa45-63e9318f4f7e/placeHolder":{"name":""},"QueryScheme/query-scheme-1/dd9fe5a0-5d2b-4428-b526-de68ec696b06":{"name":"教室位置"},"QueryScheme/query-scheme-1/dd9fe5a0-5d2b-4428-b526-de68ec696b06/placeHolder":{"name":""},"QueryScheme/query-scheme-1/e061f662-aec5-4036-8963-ebaa76578e34":{"name":"教室容量"},"QueryScheme/query-scheme-1/e061f662-aec5-4036-8963-ebaa76578e34/placeHolder":{"name":""},"page-header":{"name":""},"header-nav":{"name":""},"header-title-container":{"name":""},"page-header-title":{"name":""},"title":{"name":"教室管理"},"page-header-toolbar":{"name":""},"button-add":{"name":"新增"},"button-edit":{"name":"编辑"},"button-view":{"name":"查看"},"button-delete":{"name":"删除"},"page-main":{"name":""},"data-grid-component-ref":{"name":""},"data-grid-component":{"name":""},"data-grid-section":{"name":""},"Section/data-grid-section/mainTitle":{"name":""},"Section/data-grid-section/subTitle":{"name":""},"dataGrid":{"name":""},"DataGrid/dataGrid/lineNumberTitle":{"name":""},"DataGrid/dataGrid/OperateEditButton":{"name":"编辑"},"DataGrid/dataGrid/OperateDeleteButton":{"name":"删除"},"DataGrid/dataGrid/OperateColumn":{"name":"操作"},"name_721383c1_32a1":{"name":"教室名称"},"location_dd9fe5a0_r5hn":{"name":"教室位置"},"capacity_e061f662_as9x":{"name":"教室容量"}}