{"root-component":{"name":""},"root-layout":{"name":""},"page-header":{"name":""},"header-nav":{"name":""},"header-title-container":{"name":""},"page-header-title":{"name":""},"title":{"name":"教室维护"},"page-header-toolbar":{"name":""},"button-add":{"name":"新增"},"button-edit":{"name":"编辑"},"button-save":{"name":"保存"},"button-cancel":{"name":"取消"},"main-container":{"name":""},"like-card-container":{"name":""},"basic-form-component-ref":{"name":""},"basic-form-component":{"name":""},"basic-form-section":{"name":""},"Section/basic-form-section/mainTitle":{"name":"基本信息"},"Section/basic-form-section/subTitle":{"name":""},"basic-form-layout":{"name":""},"name_373f3582_2bfo":{"name":"教室名称"},"TextBox/name_373f3582_2bfo/placeHolder":{"name":""},"location_2508f93f_k8dh":{"name":"教室位置"},"TextBox/location_2508f93f_k8dh/placeHolder":{"name":""},"capacity_cadb42f5_xzx4":{"name":"教室容量"},"NumberSpinner/capacity_cadb42f5_xzx4/placeHolder":{"name":""}}