{
  "AppCode" : "managementSystem",
  "ServiceUnitCode" : "lesson",
  "BizobjectCode" : "course",
  "BizobjectID" : "7b95e213-ab7f-5c32-0d2e-972ddb91cf65",
  "ProjectNameSpace" : "Inspur.GS.managementSystem.lesson.course.course.Front",
  "SuDeploymentPath" : "apps/managementsystem/lesson",
  "MetadataProjectName" : "bo-course-Front",
  "MetadataPackageName" : "Inspur.GS.managementSystem.lesson.course.course.Front",
  "SuConfigDeploymentPath" : null,
  "ProjectType" : "frontend",
  "ProjectExtendItem" : [ {
    "codelanguage" : "java"
  } ]
}