{"moduleName":null,"summaries":[{"symbol":{"__symbol":0,"members":[]},"metadata":{"__symbolic":"class","extends":{"__symbol":1,"members":[]},"members":{"name":[{"__symbolic":"property","decorators":[{"__symbolic":"call","expression":{"__symbol":2,"members":[]},"arguments":[{"id":"name_17988d5d_c4ev","name":"{{name_17988d5d_c4ev}}","binding":"name","updateOn":"blur","defaultI18nValue":"课程名","validRules":[{"type":"matches","constraints":[""]}]}]}]}],"exam_type":[{"__symbolic":"property","decorators":[{"__symbolic":"call","expression":{"__symbol":2,"members":[]},"arguments":[{"id":"exam_type_dbe8f379_km8s","name":"{{exam_type_dbe8f379_km8s}}","binding":"exam_type","updateOn":"change","defaultI18nValue":"考试类型"}]}]}],"course_type":[{"__symbolic":"property","decorators":[{"__symbolic":"call","expression":{"__symbol":2,"members":[]},"arguments":[{"id":"course_type_39a2a4e8_yu87","name":"{{course_type_39a2a4e8_yu87}}","binding":"course_type","updateOn":"change","defaultI18nValue":"课程类型"}]}]}],"credit":[{"__symbolic":"property","decorators":[{"__symbolic":"call","expression":{"__symbol":2,"members":[]},"arguments":[{"id":"credit_1fd793b0_4fsv","name":"{{credit_1fd793b0_4fsv}}","binding":"credit","updateOn":"blur","defaultI18nValue":"学分","validRules":[{"type":"required","constraints":[true]}]}]}]}],"course_number":[{"__symbolic":"property","decorators":[{"__symbolic":"call","expression":{"__symbol":2,"members":[]},"arguments":[{"id":"course_number_7adcc933_i3bh","name":"{{course_number_7adcc933_i3bh}}","binding":"course_number","updateOn":"blur","defaultI18nValue":"课程代码","validRules":[{"type":"required","constraints":[true]},{"type":"matches","constraints":[""]}]}]}]}]}},"type":{"summaryKind":3,"type":{"reference":{"__symbol":0,"members":[]},"diDeps":[],"lifecycleHooks":[1]}}}],"symbols":[{"__symbol":0,"name":"BasicFormViewmodelForm","filePath":"./basicformviewmodelform"},{"__symbol":1,"name":"Form","filePath":"@farris/devkit"},{"__symbol":2,"name":"NgFormControl","filePath":"@farris/devkit"}]}