{
  "AppCode" : "managementSystem",
  "ServiceUnitCode" : "lesson",
  "BizobjectCode" : "classroom",
  "BizobjectID" : "3cff33f5-f808-90b1-21e5-85d9b310d5fe",
  "ProjectNameSpace" : "Inspur.GS.managementSystem.lesson.classroom.classroom.Front",
  "SuDeploymentPath" : "apps/managementsystem/lesson",
  "MetadataProjectName" : "bo-classroom-Front",
  "MetadataPackageName" : "Inspur.GS.managementSystem.lesson.classroom.classroom.Front",
  "SuConfigDeploymentPath" : null,
  "ProjectType" : "frontend",
  "ProjectExtendItem" : [ {
    "codelanguage" : "java"
  } ]
}