{"module":{"id":"courseManagement","code":"courseManagement","name":"课程管理","caption":"课程管理","type":"Module","creator":"admin","creationDate":"2024-11-25T11:45:38.240Z","updateVersion":"191104","showTitle":true,"bootstrap":"list-template","templateId":"list-template","schemas":[{"eapiId":"5a56d445-888a-4ea4-8d7a-e858ee63974d","eapiCode":"courseManagement_frm","eapiName":"课程管理_frm","eapiNameSpace":"Inspur.GS.managementSystem.lesson.course.course.Front","voPath":"managementSystem/lesson/course/bo-course-front/metadata/components","voNameSpace":"Inspur.GS.managementSystem.lesson.course.course.Front","entities":[{"label":"courses","code":"course","name":"课程管理","id":"9842c7fd-87c9-45ba-b1e7-f946826c5818","type":{"$type":"EntityType","entities":[],"primary":"id","fields":[{"$type":"SimpleField","readonly":false,"multiLanguage":false,"require":true,"defaultValue":"","editor":{"$type":"TextBox"},"label":"id","originalId":"3b4f3d2a-ad9b-4797-af56-489ceb7f8cbf","code":"ID","bindingPath":"id","bindingField":"id","name":"主键","id":"3b4f3d2a-ad9b-4797-af56-489ceb7f8cbf","type":{"$type":"StringType","displayName":"字符串","length":36,"name":"String"},"path":"ID"},{"$type":"SimpleField","readonly":false,"multiLanguage":false,"require":false,"defaultValue":"","editor":{"$type":"DateBox","format":"'yyyy-MM-dd'"},"label":"version","originalId":"c6f83948-2023-45cc-a624-73fc5d6939b9","code":"Version","bindingPath":"version","bindingField":"version","name":"版本","id":"c6f83948-2023-45cc-a624-73fc5d6939b9","type":{"$type":"DateTimeType","displayName":"日期时间","name":"DateTime"},"path":"Version"},{"$type":"SimpleField","readonly":false,"multiLanguage":false,"require":false,"defaultValue":"","editor":{"$type":"TextBox"},"label":"name","originalId":"e7209856-02f3-4e20-a53b-70c8a5bb1550","code":"name","bindingPath":"name","bindingField":"name","name":"课程名","id":"e7209856-02f3-4e20-a53b-70c8a5bb1550","type":{"$type":"StringType","displayName":"字符串","length":36,"name":"String"},"path":"name"},{"$type":"SimpleField","readonly":false,"multiLanguage":false,"require":false,"defaultValue":"","editor":{"$type":"EnumField"},"label":"exam_type","originalId":"26e383a2-f783-4e7d-b1db-a0485bc182d9","code":"exam_type","bindingPath":"exam_type","bindingField":"exam_type","name":"考试类型","id":"26e383a2-f783-4e7d-b1db-a0485bc182d9","type":{"$type":"EnumType","valueType":{"$type":"NumericType","precision":0,"displayName":"数字","length":0,"name":"Number"},"displayName":"枚举","name":"Enum","enumValues":[{"disabled":false,"name":"无","value":"0"},{"disabled":false,"name":"考试","value":"1"},{"disabled":false,"name":"考察","value":"2"}]},"path":"exam_type"},{"$type":"SimpleField","readonly":false,"multiLanguage":false,"require":false,"defaultValue":"","editor":{"$type":"EnumField"},"label":"course_type","originalId":"4b0b2087-ff87-4f5a-8235-3f084201c349","code":"course_type","bindingPath":"course_type","bindingField":"course_type","name":"课程类型","id":"4b0b2087-ff87-4f5a-8235-3f084201c349","type":{"$type":"EnumType","valueType":{"$type":"NumericType","precision":0,"displayName":"数字","length":0,"name":"Number"},"displayName":"枚举","name":"Enum","enumValues":[{"disabled":false,"name":"无","value":"0"},{"disabled":false,"name":"必修","value":"1"},{"disabled":false,"name":"选修","value":"2"}]},"path":"course_type"},{"$type":"SimpleField","readonly":false,"multiLanguage":false,"require":true,"defaultValue":"","editor":{"$type":"NumericBox"},"label":"credit","originalId":"317ece46-19ab-4833-9e31-108cb5a37a11","code":"credit","bindingPath":"credit","bindingField":"credit","name":"学分","id":"317ece46-19ab-4833-9e31-108cb5a37a11","type":{"$type":"NumericType","precision":2,"displayName":"数字","length":18,"name":"Number"},"path":"credit"},{"$type":"SimpleField","readonly":false,"multiLanguage":false,"require":true,"defaultValue":"","editor":{"$type":"TextBox"},"label":"course_number","originalId":"17e3d6a4-9780-4bbc-a228-9c7a48e5f8d0","code":"course_number","bindingPath":"course_number","bindingField":"course_number","name":"课程代码","id":"17e3d6a4-9780-4bbc-a228-9c7a48e5f8d0","type":{"$type":"StringType","displayName":"字符串","length":36,"name":"String"},"path":"course_number"}],"displayName":"课程管理","name":"course"}}],"code":"courseManagement_frm","sourceUri":"api/managementsystem/lesson/v1.0/courseManagement_frm","name":"课程管理_frm","id":"22728480-069d-41a9-95f3-2792fbf43266","extendProperties":{"enableStdTimeFormat":true},"sourceType":"vo","variables":[]}],"states":[],"contents":[],"stateMachines":[{"id":"courseManagement_state_machine","name":"课程管理_frm","uri":"a45c7869-3518-4595-b978-feb953365db7","code":"courseManagement_frm","nameSpace":"Inspur.GS.managementSystem.lesson.course.course.Front"}],"viewmodels":[{"id":"root-viewmodel","code":"root-viewmodel","name":"课程管理","fields":[],"stateMachine":"courseManagement_state_machine","serviceRefs":[],"commands":[{"id":"93ee1cd2-cf0b-40b3-b99f-958a3d1fad1c","code":"Load1","name":"加载数据","params":[{"name":"filter","shownName":"过滤条件","value":""},{"name":"sort","shownName":"排序条件","value":""}],"handlerName":"Load","cmpId":"70b4abd4-9f2c-4b7c-90e9-6ac6f4b74c72","extensions":[],"isInvalid":false},{"id":"71ae8a4c-6202-4875-9246-2e2d959da37f","code":"Search1","name":"查询数据","params":[{"name":"filter","shownName":"过滤条件","value":""},{"name":"sort","shownName":"排序条件","value":""},{"name":"pageSize","shownName":"分页大小","value":""},{"name":"pageIndex","shownName":"当前页码","value":""}],"handlerName":"Search","cmpId":"70b4abd4-9f2c-4b7c-90e9-6ac6f4b74c72","extensions":[],"isInvalid":false},{"id":"6d5a354f-871f-43e6-82bc-7837184380d3","code":"RemoveRows1","name":"删除多行数据","params":[{"name":"ids","shownName":"待删除数据的标识","value":"{UISTATE~/#{data-grid-component}/ids}"}],"handlerName":"RemoveRows","cmpId":"70b4abd4-9f2c-4b7c-90e9-6ac6f4b74c72","extensions":[],"isInvalid":false},{"id":"77556491-41c0-4356-8ccf-25e39817060e","code":"Add1","name":"在新页签中新增数据","params":[{"name":"url","shownName":"功能菜单标识","value":"9c5c7a6c-96f8-4f9e-95bb-bb66e57946d7"},{"name":"params","shownName":"附加参数","value":"{\"action\":\"LoadAndAdd1\"}"},{"name":"enableRefresh","shownName":"支持刷新列表数据","value":""},{"name":"tabName","shownName":"标签页标题","value":""},{"name":"destructuring","shownName":"是否解构参数","value":""}],"handlerName":"Add","cmpId":"70b4abd4-9f2c-4b7c-90e9-6ac6f4b74c72","isInvalid":false,"isNewGenerated":false,"targetComponent":"root-component"},{"id":"52fdcac3-46c8-466e-aa5d-19920ece2076","code":"View1","name":"在新页签中查看数据","params":[{"name":"url","shownName":"功能菜单标识","value":"9c5c7a6c-96f8-4f9e-95bb-bb66e57946d7"},{"name":"params","shownName":"附加参数","value":"{\"action\":\"LoadAndView1\", \"id\":\"{DATA~/#{data-grid-component}/id}\"}"},{"name":"idToView","shownName":"待查看数据的标识","value":"{DATA~/#{data-grid-component}/id}"},{"name":"enableRefresh","shownName":"支持刷新列表数据","value":""},{"name":"tabName","shownName":"标签页标题","value":""},{"name":"destructuring","shownName":"是否解构参数","value":""}],"handlerName":"View","cmpId":"70b4abd4-9f2c-4b7c-90e9-6ac6f4b74c72","isInvalid":false,"isNewGenerated":false,"targetComponent":"root-component"},{"id":"7ade9996-0531-4401-b1bc-fb9ec8ee3f8e","code":"Edit1","name":"在新页签中编辑数据","params":[{"name":"url","shownName":"功能菜单标识","value":"9c5c7a6c-96f8-4f9e-95bb-bb66e57946d7"},{"name":"params","shownName":"附加参数","value":"{\"action\":\"LoadAndEdit1\", \"id\":\"{DATA~/#{data-grid-component}/id}\"}"},{"name":"idToEdit","shownName":"待编辑数据的标识","value":"{DATA~/#{data-grid-component}/id}"},{"name":"enableRefresh","shownName":"支持刷新列表数据","value":""},{"name":"tabName","shownName":"标签页标题","value":""},{"name":"destructuring","shownName":"是否解构参数","value":""}],"handlerName":"Edit","cmpId":"70b4abd4-9f2c-4b7c-90e9-6ac6f4b74c72","isInvalid":false,"isNewGenerated":false,"targetComponent":"root-component"},{"id":"debae2dd-3387-48cf-90ba-96e74ab5a8e5","code":"Remove1","name":"删除当前数据","params":[{"name":"id","shownName":"待删除数据的标识","value":"{DATA~/#{data-grid-component}/id}"}],"handlerName":"Remove","cmpId":"70b4abd4-9f2c-4b7c-90e9-6ac6f4b74c72","extensions":[],"isInvalid":false},{"id":"0d36eb0a-fe86-4769-b232-b84c72dcc02f","code":"Filter1","name":"过滤并加载数据1","params":[{"name":"filter","shownName":"过滤条件","value":"{UISTATE~/#{root-component}/originalFilterConditionList}"},{"name":"sort","shownName":"排序条件","value":""}],"handlerName":"Filter","cmpId":"54bddc89-5f7e-4b91-9c45-80dd6606cfe9","shortcut":{},"extensions":[],"isInvalid":false}],"states":[{"id":"ad1250a9-fe0c-4dcf-81fe-9c2c52608c66","category":"locale","code":"originalFilterConditionList","name":"筛选方案筛选条件","type":"String"}],"bindTo":"/","enableUnifiedSession":false},{"id":"data-grid-component-viewmodel","code":"data-grid-component-viewmodel","name":"课程管理","fields":[{"type":"Form","id":"e7209856-02f3-4e20-a53b-70c8a5bb1550","fieldName":"name","groupId":null,"groupName":null,"updateOn":"blur"},{"type":"Form","id":"26e383a2-f783-4e7d-b1db-a0485bc182d9","fieldName":"exam_type","groupId":null,"groupName":null,"updateOn":"change"},{"type":"Form","id":"4b0b2087-ff87-4f5a-8235-3f084201c349","fieldName":"course_type","groupId":null,"groupName":null,"updateOn":"change"},{"type":"Form","id":"317ece46-19ab-4833-9e31-108cb5a37a11","fieldName":"credit","groupId":null,"groupName":null,"updateOn":"blur"},{"type":"Form","id":"17e3d6a4-9780-4bbc-a228-9c7a48e5f8d0","fieldName":"course_number","groupId":null,"groupName":null,"updateOn":"blur"}],"serviceRefs":[],"commands":[{"id":"1a1b7c33-38f0-469f-a017-223086ee6259","code":"ChangePage1","name":"切换页码","params":[{"name":"loadCommandName","shownName":"切换页面后回调方法","value":"Filter1"},{"name":"loadCommandFrameId","shownName":"目标组件","value":"#{root-component}"}],"handlerName":"ChangePage","cmpId":"70b4abd4-9f2c-4b7c-90e9-6ac6f4b74c72","extensions":[],"isInvalid":false}],"states":[],"bindTo":"/","parent":"root-viewmodel","pagination":{"enable":true,"pageSize":20,"pageList":"10,20,30,50,100"},"enableValidation":false,"allowEmpty":true}],"components":[{"id":"root-component","type":"Component","componentType":"Frame","viewModel":"root-viewmodel","onInit":"Filter1","contents":[{"id":"root-layout","type":"ContentContainer","appearance":{"class":"f-page f-page-is-managelist f-page-has-scheme"},"size":null,"contents":[{"id":"query-scheme-section","type":"Section","appearance":{"class":"f-section-scheme f-section-in-managelist"},"size":null,"fill":false,"expanded":true,"showHeader":false,"contents":[{"id":"query-scheme-1","type":"QueryScheme","appearance":null,"fieldConfigs":[{"id":"3b4f3d2a-ad9b-4797-af56-489ceb7f8cbf","labelCode":"ID","code":"ID","name":"主键","control":{"id":"3b4f3d2a-ad9b-4797-af56-489ceb7f8cbf","controltype":"text","require":false,"className":""}},{"id":"c6f83948-2023-45cc-a624-73fc5d6939b9","labelCode":"Version","code":"Version","name":"版本","control":{"id":"c6f83948-2023-45cc-a624-73fc5d6939b9","controltype":"date","require":false,"format":"yyyy-MM-dd","weekSelect":false,"startFieldCode":"Version","endFieldCode":"Version"}},{"id":"e7209856-02f3-4e20-a53b-70c8a5bb1550","labelCode":"name","code":"name","name":"课程名","control":{"id":"e7209856-02f3-4e20-a53b-70c8a5bb1550","controltype":"text","require":false,"className":""}},{"id":"26e383a2-f783-4e7d-b1db-a0485bc182d9","labelCode":"exam_type","code":"exam_type","name":"考试类型","control":{"id":"26e383a2-f783-4e7d-b1db-a0485bc182d9","controltype":"dropdown","require":false,"valueType":"1","enumValues":[{"disabled":false,"name":"无","value":"0"},{"disabled":false,"name":"考试","value":"1"},{"disabled":false,"name":"考察","value":"2"}],"className":"","multiSelect":false,"panelHeight":null,"idField":"value","textField":"name","uri":""}},{"id":"4b0b2087-ff87-4f5a-8235-3f084201c349","labelCode":"course_type","code":"course_type","name":"课程类型","control":{"id":"4b0b2087-ff87-4f5a-8235-3f084201c349","controltype":"dropdown","require":false,"valueType":"1","enumValues":[{"disabled":false,"name":"无","value":"0"},{"disabled":false,"name":"必修","value":"1"},{"disabled":false,"name":"选修","value":"2"}],"className":"","multiSelect":false,"panelHeight":null,"idField":"value","textField":"name","uri":""}},{"id":"317ece46-19ab-4833-9e31-108cb5a37a11","labelCode":"credit","code":"credit","name":"学分","control":{"id":"317ece46-19ab-4833-9e31-108cb5a37a11","controltype":"number","require":false,"className":"","textAlign":"left","precision":2,"isBigNumber":false}},{"id":"17e3d6a4-9780-4bbc-a228-9c7a48e5f8d0","labelCode":"course_number","code":"course_number","name":"课程代码","control":{"id":"17e3d6a4-9780-4bbc-a228-9c7a48e5f8d0","controltype":"text","require":false,"className":""}}],"presetFieldConfigs":[{"id":"e7209856-02f3-4e20-a53b-70c8a5bb1550","labelCode":"name","code":"name","name":"课程名","control":{"id":"e7209856-02f3-4e20-a53b-70c8a5bb1550","controltype":"text","require":false,"className":""}},{"id":"26e383a2-f783-4e7d-b1db-a0485bc182d9","labelCode":"exam_type","code":"exam_type","name":"考试类型","control":{"id":"26e383a2-f783-4e7d-b1db-a0485bc182d9","controltype":"dropdown","require":false,"valueType":"1","enumValues":[{"disabled":false,"name":"无","value":"0"},{"disabled":false,"name":"考试","value":"1"},{"disabled":false,"name":"考察","value":"2"}],"className":"","multiSelect":false,"panelHeight":null,"idField":"value","textField":"name","uri":""}},{"id":"17e3d6a4-9780-4bbc-a228-9c7a48e5f8d0","labelCode":"course_number","code":"course_number","name":"课程代码","control":{"id":"17e3d6a4-9780-4bbc-a228-9c7a48e5f8d0","controltype":"text","require":false,"className":""}},{"id":"4b0b2087-ff87-4f5a-8235-3f084201c349","labelCode":"course_type","code":"course_type","name":"课程类型","control":{"id":"4b0b2087-ff87-4f5a-8235-3f084201c349","controltype":"dropdown","require":false,"valueType":"1","enumValues":[{"disabled":false,"name":"无","value":"0"},{"disabled":false,"name":"必修","value":"1"},{"disabled":false,"name":"选修","value":"2"}],"className":"","multiSelect":false,"panelHeight":null,"idField":"value","textField":"name","uri":""}}],"formId":"courseManagement","isDisabled":false,"presetQuerySolutionName":"默认筛选方案","onQuery":"Filter1","isControlInline":true,"visible":true,"binding":null,"enableInitQuery":false,"showCompleteLabel":false,"expanded":true,"enableHistory":false,"filterText":"筛选","openAdvancedMode":false,"queryAfterValueChange":false,"hideOrgselector":false}],"visible":true,"mainTitle":"主标题","subTitle":"","headerClass":"","titleClass":"","extendedHeaderAreaClass":"","toolbarClass":"","extendedAreaClass":"","contentTemplateClass":"","enableMaximize":false,"enableAccordion":true,"accordionMode":"default","headerTemplate":"","titleTemplate":"","extendedHeaderAreaTemplate":"","toolbarTemplate":"","extendedAreaTemplate":"","isScrollSpyItem":false,"toolbar":{"type":"SectionToolbar","position":"inHead","contents":[]}},{"id":"page-header","type":"ContentContainer","appearance":{"class":"f-page-header"},"size":null,"contents":[{"id":"header-nav","type":"ContentContainer","appearance":{"class":"f-page-header-base"},"size":null,"contents":[{"id":"header-title-container","type":"ContentContainer","appearance":{"class":"f-title"},"size":null,"contents":[{"id":"page-header-title","type":"HtmlTemplate","html":"<span class=\"f-title-icon f-text-orna-manage\"><i class=\"f-icon f-icon-page-title-administer\"></i></span><h4 class=\"f-title-text\">{{'title'|lang:lang:'课程管理'}}</h4>"}],"visible":true,"isScrollspyContainer":false,"isLikeCardContainer":false},{"id":"page-header-toolbar","type":"ToolBar","appearance":{"class":"col-7 f-toolbar"},"size":null,"items":[{"id":"button-add","type":"ToolBarItem","appearance":{"class":"btn-primary"},"disable":"!viewModel.stateMachine['canAdd']","text":"新增","visible":true,"click":"Add1","items":[],"usageMode":"button","modalConfig":null},{"id":"button-edit","type":"ToolBarItem","appearance":null,"disable":"!viewModel.stateMachine['canEdit']","text":"编辑","visible":true,"click":"Edit1","items":[],"usageMode":"button","modalConfig":null},{"id":"button-view","type":"ToolBarItem","appearance":null,"disable":"!viewModel.stateMachine['canView']","text":"查看","visible":true,"click":"View1","items":[],"usageMode":"button","modalConfig":null},{"id":"button-delete","type":"ToolBarItem","appearance":null,"disable":"!viewModel.stateMachine['canRemove']","text":"删除","visible":true,"click":"Remove1","items":[],"usageMode":"button","modalConfig":null}],"visible":true,"buttonSize":"default","popDirection":"default"}],"visible":true,"isScrollspyContainer":false,"isLikeCardContainer":false}],"visible":true,"isScrollspyContainer":false,"isLikeCardContainer":false},{"id":"page-main","type":"ContentContainer","appearance":{"class":"f-page-main"},"size":null,"contents":[{"id":"data-grid-component-ref","type":"ComponentRef","component":"data-grid-component","visible":true}],"visible":true,"isScrollspyContainer":false,"isLikeCardContainer":false}],"visible":true,"isScrollspyContainer":false,"isLikeCardContainer":false}],"appearance":null,"visible":true,"afterViewInit":null},{"id":"data-grid-component","type":"Component","componentType":"dataGrid","viewModel":"data-grid-component-viewmodel","appearance":{"class":"f-struct-wrapper f-utils-fill-flex-column"},"onInit":"","contents":[{"id":"data-grid-section","type":"Section","appearance":{"class":"f-section-grid f-section-in-managelist"},"size":null,"mainTitle":"","subTitle":"","headerClass":"","titleClass":"","extendedHeaderAreaClass":"","toolbarClass":"","extendedAreaClass":"","contentTemplateClass":"","fill":true,"expanded":true,"enableMaximize":true,"enableAccordion":true,"accordionMode":"default","showHeader":false,"headerTemplate":"","titleTemplate":"","extendedHeaderAreaTemplate":"","toolbarTemplate":"","extendedAreaTemplate":"","contents":[{"id":"dataGrid","type":"DataGrid","controlSource":"Farris","appearance":{"class":"f-component-grid"},"size":null,"dataSource":"courses","fields":[{"id":"name_e7209856_1o8g","type":"GridField","controlSource":"Farris","caption":"课程名","captionTemplate":null,"dataField":"name","dataType":"string","binding":{"type":"Form","path":"name","field":"e7209856-02f3-4e20-a53b-70c8a5bb1550","fullPath":"name"},"enumData":null,"appearance":null,"size":{"width":120},"displayTemplate":null,"editor":null,"draggable":false,"frozen":"none","sortable":true,"sortOrder":null,"resizeable":true,"aggregate":{"type":"none","formatter":{"type":"none"}},"groupAggregate":{"type":"none","formatter":{"type":"none"}},"styler":"","colTemplate":"","linkedLabelEnabled":false,"linkedLabelClick":null,"textAlign":"left","hAlign":"left","vAlign":"middle","formatter":{"type":"none"},"showTips":false,"tipContent":null,"multiLanguage":false,"enableFilter":false,"headerStyler":"","localization":false,"idField":"value","textField":"name","readonly":false,"visible":true,"allowGrouping":true,"tipMode":"auto","captionTipContent":"","captionTipStyler":"","enableBatchEdit":false,"localizationType":"Date"},{"id":"exam_type_26e383a2_699c","type":"GridField","controlSource":"Farris","caption":"考试类型","captionTemplate":null,"dataField":"exam_type","dataType":"enum","binding":{"type":"Form","path":"exam_type","field":"26e383a2-f783-4e7d-b1db-a0485bc182d9","fullPath":"exam_type"},"enumData":[{"disabled":false,"name":"无","value":"0"},{"disabled":false,"name":"考试","value":"1"},{"disabled":false,"name":"考察","value":"2"}],"appearance":null,"size":{"width":120},"displayTemplate":null,"editor":null,"draggable":false,"frozen":"none","sortable":true,"sortOrder":null,"resizeable":true,"aggregate":{"type":"none","formatter":{"type":"none"}},"groupAggregate":{"type":"none","formatter":{"type":"none"}},"styler":"","colTemplate":"","linkedLabelEnabled":false,"linkedLabelClick":null,"textAlign":"left","hAlign":"left","vAlign":"middle","formatter":{"type":"none"},"showTips":false,"tipContent":null,"multiLanguage":false,"enableFilter":false,"headerStyler":"","localization":false,"idField":"value","textField":"name","readonly":false,"visible":true,"allowGrouping":true,"tipMode":"auto","captionTipContent":"","captionTipStyler":"","enableBatchEdit":false},{"id":"course_type_4b0b2087_iweh","type":"GridField","controlSource":"Farris","caption":"课程类型","captionTemplate":null,"dataField":"course_type","dataType":"enum","binding":{"type":"Form","path":"course_type","field":"4b0b2087-ff87-4f5a-8235-3f084201c349","fullPath":"course_type"},"enumData":[{"disabled":false,"name":"无","value":"0"},{"disabled":false,"name":"必修","value":"1"},{"disabled":false,"name":"选修","value":"2"}],"appearance":null,"size":{"width":120},"displayTemplate":null,"editor":null,"draggable":false,"frozen":"none","sortable":true,"sortOrder":null,"resizeable":true,"aggregate":{"type":"none","formatter":{"type":"none"}},"groupAggregate":{"type":"none","formatter":{"type":"none"}},"styler":"","colTemplate":"","linkedLabelEnabled":false,"linkedLabelClick":null,"textAlign":"left","hAlign":"left","vAlign":"middle","formatter":{"type":"none"},"showTips":false,"tipContent":null,"multiLanguage":false,"enableFilter":false,"headerStyler":"","localization":false,"idField":"value","textField":"name","readonly":false,"visible":true,"allowGrouping":true,"tipMode":"auto","captionTipContent":"","captionTipStyler":"","enableBatchEdit":false},{"id":"credit_317ece46_erkw","type":"GridField","controlSource":"Farris","caption":"学分","captionTemplate":null,"dataField":"credit","dataType":"number","binding":{"type":"Form","path":"credit","field":"317ece46-19ab-4833-9e31-108cb5a37a11","fullPath":"credit"},"enumData":null,"appearance":null,"size":{"width":120},"displayTemplate":null,"editor":null,"draggable":false,"frozen":"none","sortable":true,"sortOrder":null,"resizeable":true,"aggregate":{"type":"none","formatter":{"type":"none"}},"groupAggregate":{"type":"none","formatter":{"type":"none"}},"styler":"","colTemplate":"","linkedLabelEnabled":false,"linkedLabelClick":null,"textAlign":"left","hAlign":"left","vAlign":"middle","formatter":{"type":"number","precision":2,"thousand":",","decimal":"."},"showTips":false,"tipContent":null,"multiLanguage":false,"enableFilter":false,"headerStyler":"","localization":false,"idField":"value","textField":"name","readonly":false,"visible":true,"allowGrouping":true,"tipMode":"auto","captionTipContent":"","captionTipStyler":"","enableBatchEdit":false},{"id":"course_number_17e3d6a4_arhz","type":"GridField","controlSource":"Farris","caption":"课程代码","captionTemplate":null,"dataField":"course_number","dataType":"string","binding":{"type":"Form","path":"course_number","field":"17e3d6a4-9780-4bbc-a228-9c7a48e5f8d0","fullPath":"course_number"},"enumData":null,"appearance":null,"size":{"width":120},"displayTemplate":null,"editor":null,"draggable":false,"frozen":"none","sortable":true,"sortOrder":null,"resizeable":true,"aggregate":{"type":"none","formatter":{"type":"none"}},"groupAggregate":{"type":"none","formatter":{"type":"none"}},"styler":"","colTemplate":"","linkedLabelEnabled":false,"linkedLabelClick":null,"textAlign":"left","hAlign":"left","vAlign":"middle","formatter":{"type":"none"},"showTips":false,"tipContent":null,"multiLanguage":false,"enableFilter":false,"headerStyler":"","localization":false,"idField":"value","textField":"name","readonly":false,"visible":true,"allowGrouping":true,"tipMode":"auto","captionTipContent":"","captionTipStyler":"","enableBatchEdit":false,"localizationType":"Date"}],"focusedItem":null,"focusedIndex":null,"identifyField":null,"multiSelect":false,"selectable":null,"showCheckbox":false,"showAllCheckbox":false,"checkOnSelect":false,"selectOnCheck":false,"itemTemplate":null,"toolBar":null,"summary":null,"groupable":false,"group":null,"showGroupColumn":true,"groupFormatter":null,"groupStyler":null,"groupFooter":false,"fitColumns":false,"autoFitColumns":false,"virtualized":false,"virtualizedAsyncLoad":false,"scrollYLoad":"ChangePage1","onSelectionChange":"","fieldEditable":false,"appendRow":null,"disable":false,"pageChange":"ChangePage1","pageSizeChanged":"ChangePage1","styler":"","multiSort":false,"showBorder":false,"striped":true,"showLineNumber":false,"disableRow":null,"beforeSelect":null,"beforeUnSelect":null,"beforeCheck":null,"beforeUnCheck":null,"dblClickRow":null,"showFooter":false,"footerTemplate":"","footerDataFrom":"client","footerDataCommand":null,"enableFilterRow":false,"remoteFilter":false,"showFilterBar":false,"useControlPanel":false,"autoHeight":false,"showSelectedList":false,"selectedItemFormatter":null,"lineNumberWidth":36,"enableMorePageSelect":false,"pagination":true,"lockPagination":"viewModel.stateMachine&&viewModel.stateMachine['editable']","showPageSize":false,"editable":null,"fixedColumns":[],"enableCommandColumn":false,"onEditClicked":"","onDeleteClicked":"","commandColumnWidth":120,"showCommandColumn":true,"checkedChange":null,"footerHeight":29,"filterType":"none","enableSmartFilter":false,"lineNumberTitle":"","rowClick":null,"headerWrap":false,"emptyTemplate":null,"emptyDataHeight":240,"maxHeight":300,"rowHeight":30,"enableHighlightCell":false,"enableEditCellStyle":false,"showRowGroupPanel":false,"enableDragColumn":false,"groupSummaryPosition":"groupFooterRow","clearSelectionsWhenDataIsEmpty":true,"keepSelect":true,"enableEditByCard":"none","visible":true,"showGotoInput":false,"scrollBarShowMode":"auto","showScrollArrow":false,"footerPosition":"bottom","footerStyler":null,"selectOnEditing":false,"selectionMode":"default","enableContextMenu":false,"disableGroupOnEditing":true,"enableSimpleMode":false,"enableScheme":false,"beforeEdit":null,"nowrap":true,"mergeCell":false,"remoteSort":false,"columnSorted":null,"enableHeaderGroup":false,"headerGroup":null,"AutoColumnWidthUseDblclick":true,"pagerContentTemplate":null,"expandGroupRows":true,"useBlankWhenDataIsEmpty":false,"checked":null,"unChecked":null,"checkAll":null,"unCheckAll":null,"filterChanged":null,"enableEditStateFilterSorting":false,"showConfirmWhenSchemeChanged":false,"enableSetMultiHeaders":false,"allowEmpty":true,"pageList":"10,20,30,50,100","pageSize":20}],"visible":true,"isScrollSpyItem":false,"toolbar":{"type":"SectionToolbar","position":"inHead","contents":[]}}],"visible":true,"afterViewInit":null}],"webcmds":[{"id":"70b4abd4-9f2c-4b7c-90e9-6ac6f4b74c72","path":"/projects/packages/Inspur.GS.Gsp.Web.WebCmp/webcmd","name":"ListController.webcmd","refedHandlers":[{"host":"93ee1cd2-cf0b-40b3-b99f-958a3d1fad1c","handler":"Load"},{"host":"71ae8a4c-6202-4875-9246-2e2d959da37f","handler":"Search"},{"host":"77556491-41c0-4356-8ccf-25e39817060e","handler":"Add"},{"host":"52fdcac3-46c8-466e-aa5d-19920ece2076","handler":"View"},{"host":"7ade9996-0531-4401-b1bc-fb9ec8ee3f8e","handler":"Edit"},{"host":"6d5a354f-871f-43e6-82bc-7837184380d3","handler":"RemoveRows"},{"host":"1a1b7c33-38f0-469f-a017-223086ee6259","handler":"ChangePage"},{"host":"debae2dd-3387-48cf-90ba-96e74ab5a8e5","handler":"Remove"}],"code":"ListController","nameSpace":"Inspur.GS.Gsp.Web.WebCmp"},{"id":"54bddc89-5f7e-4b91-9c45-80dd6606cfe9","path":"igix/Web/WebCmp/bo-webcmp/metadata/webcmd/data-commands","name":"LoadCommands.webcmd","refedHandlers":[{"host":"0d36eb0a-fe86-4769-b232-b84c72dcc02f","handler":"Filter"}],"code":"LoadCommands","nameSpace":"Inspur.GS.Gsp.Web.WebCmp"}],"serviceRefs":[],"projectName":"bo-course-front","showType":"page","toolbar":{"items":{},"configs":{}},"declarations":{"events":[],"commands":[],"states":[]},"subscriptions":[],"extraImports":[],"expressions":[],"metadataId":"4b7dbe8c-3f42-47c6-a3a7-cd9e4df338a6","actions":[{"sourceComponent":{"id":"query-scheme-1","viewModelId":"root-viewmodel","map":[{"event":{"label":"onQuery","name":"查询事件"},"targetComponent":{"id":"root-component","viewModelId":"root-viewmodel"},"command":{"id":"0d36eb0a-fe86-4769-b232-b84c72dcc02f","label":"Filter1","name":"过滤并加载数据1","handlerName":"Filter","params":[{"name":"filter","shownName":"过滤条件","value":"{UISTATE~/#{root-component}/originalFilterConditionList}"},{"name":"sort","shownName":"排序条件","value":""}],"cmpId":"54bddc89-5f7e-4b91-9c45-80dd6606cfe9","isNewGenerated":false,"isInvalid":false},"controller":{"id":"54bddc89-5f7e-4b91-9c45-80dd6606cfe9","label":"LoadCommands","name":"数据加载相关命令"}}]}},{"sourceComponent":{"id":"button-add","viewModelId":"root-viewmodel","map":[{"event":{"label":"click","name":"点击事件"},"targetComponent":{"id":"root-component","viewModelId":"root-viewmodel"},"command":{"id":"77556491-41c0-4356-8ccf-25e39817060e","label":"Add1","name":"在新页签中新增数据","handlerName":"Add","params":[{"name":"url","shownName":"功能菜单标识","value":"9c5c7a6c-96f8-4f9e-95bb-bb66e57946d7"},{"name":"params","shownName":"附加参数","value":"{\"action\":\"LoadAndAdd1\"}"},{"name":"enableRefresh","shownName":"支持刷新列表数据","value":""},{"name":"tabName","shownName":"标签页标题","value":""},{"name":"destructuring","shownName":"是否解构参数","value":""}],"cmpId":"70b4abd4-9f2c-4b7c-90e9-6ac6f4b74c72","isNewGenerated":false,"isInvalid":false},"controller":{"id":"70b4abd4-9f2c-4b7c-90e9-6ac6f4b74c72","label":"ListController","name":"列表控制器"}}]}},{"sourceComponent":{"id":"button-edit","viewModelId":"root-viewmodel","map":[{"event":{"label":"click","name":"点击事件"},"targetComponent":{"id":"root-component","viewModelId":"root-viewmodel"},"command":{"id":"7ade9996-0531-4401-b1bc-fb9ec8ee3f8e","label":"Edit1","name":"在新页签中编辑数据","handlerName":"Edit","params":[{"name":"url","shownName":"功能菜单标识","value":"9c5c7a6c-96f8-4f9e-95bb-bb66e57946d7"},{"name":"params","shownName":"附加参数","value":"{\"action\":\"LoadAndEdit1\", \"id\":\"{DATA~/#{data-grid-component}/id}\"}"},{"name":"idToEdit","shownName":"待编辑数据的标识","value":"{DATA~/#{data-grid-component}/id}"},{"name":"enableRefresh","shownName":"支持刷新列表数据","value":""},{"name":"tabName","shownName":"标签页标题","value":""},{"name":"destructuring","shownName":"是否解构参数","value":""}],"cmpId":"70b4abd4-9f2c-4b7c-90e9-6ac6f4b74c72","isNewGenerated":false,"isInvalid":false},"controller":{"id":"70b4abd4-9f2c-4b7c-90e9-6ac6f4b74c72","label":"ListController","name":"列表控制器"}}]}},{"sourceComponent":{"id":"button-view","viewModelId":"root-viewmodel","map":[{"event":{"label":"click","name":"点击事件"},"targetComponent":{"id":"root-component","viewModelId":"root-viewmodel"},"command":{"id":"52fdcac3-46c8-466e-aa5d-19920ece2076","label":"View1","name":"在新页签中查看数据","handlerName":"View","params":[{"name":"url","shownName":"功能菜单标识","value":"9c5c7a6c-96f8-4f9e-95bb-bb66e57946d7"},{"name":"params","shownName":"附加参数","value":"{\"action\":\"LoadAndView1\", \"id\":\"{DATA~/#{data-grid-component}/id}\"}"},{"name":"idToView","shownName":"待查看数据的标识","value":"{DATA~/#{data-grid-component}/id}"},{"name":"enableRefresh","shownName":"支持刷新列表数据","value":""},{"name":"tabName","shownName":"标签页标题","value":""},{"name":"destructuring","shownName":"是否解构参数","value":""}],"cmpId":"70b4abd4-9f2c-4b7c-90e9-6ac6f4b74c72","isNewGenerated":false,"isInvalid":false},"controller":{"id":"70b4abd4-9f2c-4b7c-90e9-6ac6f4b74c72","label":"ListController","name":"列表控制器"}}]}},{"sourceComponent":{"id":"button-delete","viewModelId":"root-viewmodel","map":[{"event":{"label":"click","name":"点击事件"},"targetComponent":{"id":"root-component","viewModelId":"root-viewmodel"},"command":{"id":"debae2dd-3387-48cf-90ba-96e74ab5a8e5","label":"Remove1","name":"删除当前数据","handlerName":"Remove","params":[{"name":"id","shownName":"待删除数据的标识","value":"{DATA~/#{data-grid-component}/id}"}],"cmpId":"70b4abd4-9f2c-4b7c-90e9-6ac6f4b74c72","isNewGenerated":false,"isInvalid":false},"controller":{"id":"70b4abd4-9f2c-4b7c-90e9-6ac6f4b74c72","label":"ListController","name":"列表控制器"}}]}},{"sourceComponent":{"id":"root-component","viewModelId":"root-viewmodel","map":[{"event":{"label":"onInit","name":"初始化事件"},"targetComponent":{"id":"root-component","viewModelId":"root-viewmodel"},"command":{"id":"0d36eb0a-fe86-4769-b232-b84c72dcc02f","label":"Filter1","name":"过滤并加载数据1","handlerName":"Filter","params":[{"name":"filter","shownName":"过滤条件","value":"{UISTATE~/#{root-component}/originalFilterConditionList}"},{"name":"sort","shownName":"排序条件","value":""}],"cmpId":"54bddc89-5f7e-4b91-9c45-80dd6606cfe9","isNewGenerated":false,"isInvalid":false},"controller":{"id":"54bddc89-5f7e-4b91-9c45-80dd6606cfe9","label":"LoadCommands","name":"数据加载相关命令"}}]}},{"sourceComponent":{"id":"dataGrid","viewModelId":"data-grid-component-viewmodel","map":[{"event":{"label":"pageChange","name":"切换页码事件"},"targetComponent":{"id":"data-grid-component","viewModelId":"data-grid-component-viewmodel"},"command":{"id":"1a1b7c33-38f0-469f-a017-223086ee6259","label":"ChangePage1","name":"切换页码","handlerName":"ChangePage","params":[{"name":"loadCommandName","shownName":"切换页面后回调方法","value":"Filter1"},{"name":"loadCommandFrameId","shownName":"目标组件","value":"#{root-component}"}],"cmpId":"70b4abd4-9f2c-4b7c-90e9-6ac6f4b74c72","isNewGenerated":false,"isInvalid":false},"controller":{"id":"70b4abd4-9f2c-4b7c-90e9-6ac6f4b74c72","label":"ListController","name":"列表控制器"}},{"event":{"label":"pageSizeChanged","name":"分页条数变化事件"},"targetComponent":{"id":"data-grid-component","viewModelId":"data-grid-component-viewmodel"},"command":{"id":"1a1b7c33-38f0-469f-a017-223086ee6259","label":"ChangePage1","name":"切换页码","handlerName":"ChangePage","params":[{"name":"loadCommandName","shownName":"切换页面后回调方法","value":"Filter1"},{"name":"loadCommandFrameId","shownName":"目标组件","value":"#{root-component}"}],"cmpId":"70b4abd4-9f2c-4b7c-90e9-6ac6f4b74c72","isNewGenerated":false,"isInvalid":false},"controller":{"id":"70b4abd4-9f2c-4b7c-90e9-6ac6f4b74c72","label":"ListController","name":"列表控制器"}},{"event":{"label":"scrollYLoad","name":"滚动加载事件"},"targetComponent":{"id":"data-grid-component","viewModelId":"data-grid-component-viewmodel"},"command":{"id":"1a1b7c33-38f0-469f-a017-223086ee6259","label":"ChangePage1","name":"切换页码","handlerName":"ChangePage","params":[{"name":"loadCommandName","shownName":"切换页面后回调方法","value":"Filter1"},{"name":"loadCommandFrameId","shownName":"目标组件","value":"#{root-component}"}],"cmpId":"70b4abd4-9f2c-4b7c-90e9-6ac6f4b74c72","isNewGenerated":false,"isInvalid":false},"controller":{"id":"70b4abd4-9f2c-4b7c-90e9-6ac6f4b74c72","label":"ListController","name":"列表控制器"}}]}}]},"options":{"enableTextArea":true,"renderMode":"compile","enableDeleteSourceCode":true,"changeSetPolicy":"valid","enableServerSideChangeDetection":false}}