{"courseManagement_state_machine":{"code":null,"name":null,"renderState":{"canView":{"condition":[{"lBracket":"","source":"state","compare":"===","target":"'init'","relation":"","rBracket":""}],"name":"查看","description":"是否允许查看"},"canRemove":{"condition":[{"lBracket":"","source":"state","compare":"===","target":"'init'","relation":"","rBracket":""}],"name":"删除","description":""},"canEdit":{"condition":[{"lBracket":"","source":"state","compare":"===","target":"'init'","relation":"","rBracket":""}],"name":"编辑","description":""},"canAdd":{"condition":[{"lBracket":"","source":"state","compare":"===","target":"'init'","relation":"","rBracket":""}],"name":"新增","description":""}},"state":[{"state":"init","name":"初始","description":"处于初始状态"}],"initialState":"init","action":{}}}