{"root-component":{"name":""},"root-layout":{"name":""},"page-header":{"name":""},"header-nav":{"name":""},"header-title-container":{"name":""},"page-header-title":{"name":""},"title":{"name":"课程维护"},"page-header-toolbar":{"name":""},"button-add":{"name":"新增"},"button-edit":{"name":"编辑"},"button-save":{"name":"保存"},"button-cancel":{"name":"取消"},"main-container":{"name":""},"like-card-container":{"name":""},"basic-form-component-ref":{"name":""},"basic-form-component":{"name":""},"basic-form-section":{"name":""},"Section/basic-form-section/mainTitle":{"name":"基本信息"},"Section/basic-form-section/subTitle":{"name":""},"basic-form-layout":{"name":""},"name_17988d5d_c4ev":{"name":"课程名"},"TextBox/name_17988d5d_c4ev/placeHolder":{"name":""},"course_number_7adcc933_i3bh":{"name":"课程代码"},"TextBox/course_number_7adcc933_i3bh/placeHolder":{"name":""},"exam_type_dbe8f379_km8s":{"name":"考试类型"},"EnumField/exam_type_dbe8f379_km8s/placeHolder":{"name":""},"EnumField/exam_type_dbe8f379_km8s/enumData/0":{"name":"无"},"EnumField/exam_type_dbe8f379_km8s/enumData/1":{"name":"考试"},"EnumField/exam_type_dbe8f379_km8s/enumData/2":{"name":"考察"},"course_type_39a2a4e8_yu87":{"name":"课程类型"},"EnumField/course_type_39a2a4e8_yu87/placeHolder":{"name":""},"EnumField/course_type_39a2a4e8_yu87/enumData/0":{"name":"无"},"EnumField/course_type_39a2a4e8_yu87/enumData/1":{"name":"必修"},"EnumField/course_type_39a2a4e8_yu87/enumData/2":{"name":"选修"},"credit_1fd793b0_4fsv":{"name":"学分"},"NumberSpinner/credit_1fd793b0_4fsv/placeHolder":{"name":""}}