{"root-component":{"name":""},"root-layout":{"name":""},"query-scheme-section":{"name":""},"Section/query-scheme-section/mainTitle":{"name":"主标题"},"Section/query-scheme-section/subTitle":{"name":""},"query-scheme-1":{"name":"默认筛选方案"},"QueryScheme/query-scheme-1/filterText":{"name":"筛选"},"QueryScheme/query-scheme-1/3b4f3d2a-ad9b-4797-af56-489ceb7f8cbf":{"name":"主键"},"QueryScheme/query-scheme-1/3b4f3d2a-ad9b-4797-af56-489ceb7f8cbf/placeHolder":{"name":""},"QueryScheme/query-scheme-1/c6f83948-2023-45cc-a624-73fc5d6939b9":{"name":"版本"},"QueryScheme/query-scheme-1/c6f83948-2023-45cc-a624-73fc5d6939b9/placeHolder":{"name":""},"QueryScheme/query-scheme-1/e7209856-02f3-4e20-a53b-70c8a5bb1550":{"name":"课程名"},"QueryScheme/query-scheme-1/e7209856-02f3-4e20-a53b-70c8a5bb1550/placeHolder":{"name":""},"QueryScheme/query-scheme-1/26e383a2-f783-4e7d-b1db-a0485bc182d9":{"name":"考试类型"},"QueryScheme/query-scheme-1/26e383a2-f783-4e7d-b1db-a0485bc182d9/placeHolder":{"name":""},"QueryScheme/query-scheme-1/26e383a2-f783-4e7d-b1db-a0485bc182d9/control/enumValues/0":{"name":"无"},"QueryScheme/query-scheme-1/26e383a2-f783-4e7d-b1db-a0485bc182d9/control/enumValues/1":{"name":"考试"},"QueryScheme/query-scheme-1/26e383a2-f783-4e7d-b1db-a0485bc182d9/control/enumValues/2":{"name":"考察"},"QueryScheme/query-scheme-1/4b0b2087-ff87-4f5a-8235-3f084201c349":{"name":"课程类型"},"QueryScheme/query-scheme-1/4b0b2087-ff87-4f5a-8235-3f084201c349/placeHolder":{"name":""},"QueryScheme/query-scheme-1/4b0b2087-ff87-4f5a-8235-3f084201c349/control/enumValues/0":{"name":"无"},"QueryScheme/query-scheme-1/4b0b2087-ff87-4f5a-8235-3f084201c349/control/enumValues/1":{"name":"必修"},"QueryScheme/query-scheme-1/4b0b2087-ff87-4f5a-8235-3f084201c349/control/enumValues/2":{"name":"选修"},"QueryScheme/query-scheme-1/317ece46-19ab-4833-9e31-108cb5a37a11":{"name":"学分"},"QueryScheme/query-scheme-1/317ece46-19ab-4833-9e31-108cb5a37a11/placeHolder":{"name":""},"QueryScheme/query-scheme-1/17e3d6a4-9780-4bbc-a228-9c7a48e5f8d0":{"name":"课程代码"},"QueryScheme/query-scheme-1/17e3d6a4-9780-4bbc-a228-9c7a48e5f8d0/placeHolder":{"name":""},"page-header":{"name":""},"header-nav":{"name":""},"header-title-container":{"name":""},"page-header-title":{"name":""},"title":{"name":"课程管理"},"page-header-toolbar":{"name":""},"button-add":{"name":"新增"},"button-edit":{"name":"编辑"},"button-view":{"name":"查看"},"button-delete":{"name":"删除"},"page-main":{"name":""},"data-grid-component-ref":{"name":""},"data-grid-component":{"name":""},"data-grid-section":{"name":""},"Section/data-grid-section/mainTitle":{"name":""},"Section/data-grid-section/subTitle":{"name":""},"dataGrid":{"name":""},"DataGrid/dataGrid/lineNumberTitle":{"name":""},"DataGrid/dataGrid/OperateEditButton":{"name":"编辑"},"DataGrid/dataGrid/OperateDeleteButton":{"name":"删除"},"DataGrid/dataGrid/OperateColumn":{"name":"操作"},"name_e7209856_1o8g":{"name":"课程名"},"exam_type_26e383a2_699c":{"name":"考试类型"},"GridField/exam_type_26e383a2_699c/enumData/0":{"name":"无"},"GridField/exam_type_26e383a2_699c/enumData/1":{"name":"考试"},"GridField/exam_type_26e383a2_699c/enumData/2":{"name":"考察"},"course_type_4b0b2087_iweh":{"name":"课程类型"},"GridField/course_type_4b0b2087_iweh/enumData/0":{"name":"无"},"GridField/course_type_4b0b2087_iweh/enumData/1":{"name":"必修"},"GridField/course_type_4b0b2087_iweh/enumData/2":{"name":"选修"},"credit_317ece46_erkw":{"name":"学分"},"course_number_17e3d6a4_arhz":{"name":"课程代码"}}