[{"Code":"courseCard_frm","Name":"课程维护_frm","Id":"009e3eac-23a9-49eb-971c-6f111fdef9bf","Version":"1.0","Description":"课程维护_frm服务","BizObject":"7b95e213-ab7f-5c32-0d2e-972ddb91cf65","CriticalApplication":"managementsystem","ServiceUnit":"lesson","RouteUrl":"coursecard_frm","Service":{"Id":"d5449bbe-c06c-4f58-a9b6-5b0dfaddf922","ResourceId":"7c7e35ec-e749-4c46-8e0f-0388b206251e","ResourceType":"VO","ResourceCode":"com.inspur.gs.managementsystem.lesson.course.course.front.vo.courseCard_frm","ResourceName":"课程维护_frm","ResourceNameSpace":"Inspur.GS.managementSystem.lesson.course.course.Front","ResourcePath":null,"ResourceFileName":null,"Operations":[{"Id":"7c7e35ec-e749-4c46-8e0f-0388b206251e&^^&CreateSession","Code":"CreateSession","Name":"创建业务上下文","Description":"在调用该服务其他操作前，应该首先调用该操作创建业务上下文。在业务上下文存在期间，所有通过该服务修改的数据均被锁定，其他业务上下文无法修改。","HttpMethod":"POST","Template":"service/createsession","Parameters":[{"Id":"7c7e35ec-e749-4c46-8e0f-0388b206251e&^^&CreateSessionParam","Code":"sessionId","Name":"sessionId","Description":"功能sessionId","ModelId":"string","ModelCode":null,"ModelName":"string","RefId":null,"RefCode":null,"RefName":null,"RefPath":null,"RefFileName":null,"ModelType":0,"In":"","IsRequired":true,"ListDeepth":0,"isCollection":false,"isRetVal":true,"isBasicType":true}],"ResourceOpId":"7c7e35ec-e749-4c46-8e0f-0388b206251e&^^&CreateSession","Transaction":false,"AssemblyInfo":null,"Extend1":"Basic","Extend2":null,"isDeprecated":false},{"Id":"7c7e35ec-e749-4c46-8e0f-0388b206251e&^^&CloseSession","Code":"CloseSession","Name":"关闭业务上下文","Description":"在调用该服务的其他操作完成业务功能后，应该调用该操作关闭业务上下文，否则该业务上下文内修改的数据将保持锁定状态，无法被其他用户修改。","HttpMethod":"POST","Template":"service/closesession","Parameters":null,"ResourceOpId":"7c7e35ec-e749-4c46-8e0f-0388b206251e&^^&CloseSession","Transaction":false,"AssemblyInfo":null,"Extend1":"Basic","Extend2":null,"isDeprecated":false},{"Id":"7c7e35ec-e749-4c46-8e0f-0388b206251e&^^&Create","Code":"Create","Name":"新增课程管理","Description":"新增课程管理，可指定字段初始值。","HttpMethod":"POST","Template":"","Parameters":[{"Id":"7c7e35ec-e749-4c46-8e0f-0388b206251e&^^&RequestInfo","Code":"requestInfo","Name":"请求信息","Description":"请求信息","ModelId":"7c7e35ec-e749-4c46-8e0f-0388b206251e&^^&RequestInfo","ModelCode":"RequestInfo","ModelName":"RequestInfo","RefId":"7c7e35ec-e749-4c46-8e0f-0388b206251e&^^&RequestInfo","RefCode":"RequestInfo","RefName":"RequestInfo","RefPath":null,"RefFileName":null,"ModelType":1,"In":"Body","IsRequired":false,"ListDeepth":0,"isCollection":false,"isRetVal":false,"isBasicType":false},{"Id":"7c7e35ec-e749-4c46-8e0f-0388b206251e&^^&defaultValue","Code":"defaultValue","Name":"默认值","Description":"默认值","ModelId":"7c7e35ec-e749-4c46-8e0f-0388b206251e&^^&DefaultValue","ModelCode":"DefaultValue","ModelName":"DefaultValue","RefId":"7c7e35ec-e749-4c46-8e0f-0388b206251e&^^&DefaultValue","RefCode":"DefaultValue","RefName":"DefaultValue","RefPath":null,"RefFileName":null,"ModelType":1,"In":"Body","IsRequired":false,"ListDeepth":0,"isCollection":false,"isRetVal":false,"isBasicType":false},{"Id":"7c7e35ec-e749-4c46-8e0f-0388b206251e&^^&ResponseInfo","Code":"responseInfo","Name":"响应信息","Description":"响应信息","ModelId":"7c7e35ec-e749-4c46-8e0f-0388b206251e&^^&ResponseInfo","ModelCode":"ResponseInfo","ModelName":"ResponseInfo","RefId":"7c7e35ec-e749-4c46-8e0f-0388b206251e&^^&ResponseInfo","RefCode":"ResponseInfo","RefName":"ResponseInfo","RefPath":null,"RefFileName":null,"ModelType":1,"In":"","IsRequired":true,"ListDeepth":0,"isCollection":false,"isRetVal":true,"isBasicType":false}],"ResourceOpId":"7c7e35ec-e749-4c46-8e0f-0388b206251e&^^&Create","Transaction":false,"AssemblyInfo":null,"Extend1":"Basic","Extend2":null,"isDeprecated":false},{"Id":"7c7e35ec-e749-4c46-8e0f-0388b206251e&^^&BatchCreate","Code":"BatchCreate","Name":"批量新增课程管理","Description":"批量新增课程管理，可指定字段初始值。","HttpMethod":"POST","Template":"/batch","Parameters":[{"Id":"7c7e35ec-e749-4c46-8e0f-0388b206251e&^^&RequestInfo","Code":"requestInfo","Name":"请求信息","Description":"请求信息","ModelId":"7c7e35ec-e749-4c46-8e0f-0388b206251e&^^&RequestInfo","ModelCode":"RequestInfo","ModelName":"RequestInfo","RefId":"7c7e35ec-e749-4c46-8e0f-0388b206251e&^^&RequestInfo","RefCode":"RequestInfo","RefName":"RequestInfo","RefPath":null,"RefFileName":null,"ModelType":1,"In":"Body","IsRequired":true,"ListDeepth":0,"isCollection":false,"isRetVal":false,"isBasicType":false},{"Id":"7c7e35ec-e749-4c46-8e0f-0388b206251e&^^&retrieveDefaultParam","Code":"retrieveDefaultParam","Name":"默认值","Description":"默认值","ModelId":"7c7e35ec-e749-4c46-8e0f-0388b206251e&^^&RetrieveDefaultParam","ModelCode":"RetrieveDefaultParam","ModelName":"RetrieveDefaultParam","RefId":"7c7e35ec-e749-4c46-8e0f-0388b206251e&^^&RetrieveDefaultParam","RefCode":"RetrieveDefaultParam","RefName":"RetrieveDefaultParam","RefPath":null,"RefFileName":null,"ModelType":1,"In":"Body","IsRequired":false,"ListDeepth":0,"isCollection":false,"isRetVal":false,"isBasicType":false},{"Id":"7c7e35ec-e749-4c46-8e0f-0388b206251e&^^&ResponseInfo","Code":"responseInfo","Name":"响应信息","Description":"响应信息","ModelId":"7c7e35ec-e749-4c46-8e0f-0388b206251e&^^&ResponseInfo","ModelCode":"ResponseInfo","ModelName":"ResponseInfo","RefId":"7c7e35ec-e749-4c46-8e0f-0388b206251e&^^&ResponseInfo","RefCode":"ResponseInfo","RefName":"ResponseInfo","RefPath":null,"RefFileName":null,"ModelType":1,"In":"","IsRequired":true,"ListDeepth":0,"isCollection":false,"isRetVal":true,"isBasicType":false}],"ResourceOpId":"7c7e35ec-e749-4c46-8e0f-0388b206251e&^^&BatchCreate","Transaction":false,"AssemblyInfo":null,"Extend1":"Basic","Extend2":null,"isDeprecated":false},{"Id":"7c7e35ec-e749-4c46-8e0f-0388b206251e&^^&Edit","Code":"Edit","Name":"编辑课程管理","Description":"编辑指定的课程管理，此操作会锁定相应的课程管理数据。该操作成功后，其他用户不能修改该数据，直到调用”保存“或”取消“操作。","HttpMethod":"PUT","Template":"/service/edit/{dataId}","Parameters":[{"Id":"7c7e35ec-e749-4c46-8e0f-0388b206251e&^^&RequestInfo","Code":"requestInfo","Name":"请求信息","Description":"请求信息","ModelId":"7c7e35ec-e749-4c46-8e0f-0388b206251e&^^&RequestInfo","ModelCode":"RequestInfo","ModelName":"RequestInfo","RefId":"7c7e35ec-e749-4c46-8e0f-0388b206251e&^^&RequestInfo","RefCode":"RequestInfo","RefName":"RequestInfo","RefPath":null,"RefFileName":null,"ModelType":1,"In":"Body","IsRequired":false,"ListDeepth":0,"isCollection":false,"isRetVal":false,"isBasicType":false},{"Id":"7c7e35ec-e749-4c46-8e0f-0388b206251e&^^&RetrieveParam","Code":"dataId","Name":"单据内码","Description":"单据内码","ModelId":"string","ModelCode":null,"ModelName":"string","RefId":null,"RefCode":null,"RefName":null,"RefPath":null,"RefFileName":null,"ModelType":0,"In":"Path","IsRequired":true,"ListDeepth":0,"isCollection":false,"isRetVal":false,"isBasicType":true},{"Id":"7c7e35ec-e749-4c46-8e0f-0388b206251e&^^&ResponseInfo","Code":"responseInfo","Name":"响应信息","Description":"响应信息","ModelId":"7c7e35ec-e749-4c46-8e0f-0388b206251e&^^&ResponseInfo","ModelCode":"ResponseInfo","ModelName":"ResponseInfo","RefId":"7c7e35ec-e749-4c46-8e0f-0388b206251e&^^&ResponseInfo","RefCode":"ResponseInfo","RefName":"ResponseInfo","RefPath":null,"RefFileName":null,"ModelType":1,"In":"","IsRequired":true,"ListDeepth":0,"isCollection":false,"isRetVal":true,"isBasicType":false}],"ResourceOpId":"7c7e35ec-e749-4c46-8e0f-0388b206251e&^^&Edit","Transaction":false,"AssemblyInfo":null,"Extend1":"Basic","Extend2":null,"isDeprecated":false},{"Id":"7c7e35ec-e749-4c46-8e0f-0388b206251e&^^&Delete","Code":"Delete","Name":"删除课程管理","Description":"删除指定的课程管理，该操作仅在当前业务上下文中删除，并不会持久化到数据库。后续需调用”保存“操作进行持久化，如需要立即持久化，请调用”删除课程管理并保存“操作。","HttpMethod":"DELETE","Template":"/{dataId}","Parameters":[{"Id":"7c7e35ec-e749-4c46-8e0f-0388b206251e&^^&DeleteParam","Code":"dataId","Name":"单据内码","Description":"单据内码","ModelId":"string","ModelCode":null,"ModelName":"string","RefId":null,"RefCode":null,"RefName":null,"RefPath":null,"RefFileName":null,"ModelType":0,"In":"Path","IsRequired":true,"ListDeepth":0,"isCollection":false,"isRetVal":false,"isBasicType":true}],"ResourceOpId":"7c7e35ec-e749-4c46-8e0f-0388b206251e&^^&Delete","Transaction":false,"AssemblyInfo":null,"Extend1":"Basic","Extend2":null,"isDeprecated":false},{"Id":"7c7e35ec-e749-4c46-8e0f-0388b206251e&^^&DeleteAndSave","Code":"DeleteAndSave","Name":"删除课程管理并保存","Description":"删除指定的课程管理，并持久化到数据库。","HttpMethod":"PUT","Template":"/service/delete/{dataId}","Parameters":[{"Id":"7c7e35ec-e749-4c46-8e0f-0388b206251e&^^&RequestInfo","Code":"requestInfo","Name":"请求信息","Description":"请求信息","ModelId":"7c7e35ec-e749-4c46-8e0f-0388b206251e&^^&RequestInfo","ModelCode":"RequestInfo","ModelName":"RequestInfo","RefId":"7c7e35ec-e749-4c46-8e0f-0388b206251e&^^&RequestInfo","RefCode":"RequestInfo","RefName":"RequestInfo","RefPath":null,"RefFileName":null,"ModelType":1,"In":"Body","IsRequired":false,"ListDeepth":0,"isCollection":false,"isRetVal":false,"isBasicType":false},{"Id":"7c7e35ec-e749-4c46-8e0f-0388b206251e&^^&DeleteParam","Code":"dataId","Name":"单据内码","Description":"单据内码","ModelId":"string","ModelCode":null,"ModelName":"string","RefId":null,"RefCode":null,"RefName":null,"RefPath":null,"RefFileName":null,"ModelType":0,"In":"Path","IsRequired":true,"ListDeepth":0,"isCollection":false,"isRetVal":false,"isBasicType":true},{"Id":"7c7e35ec-e749-4c46-8e0f-0388b206251e&^^&ResponseInfo","Code":"responseInfo","Name":"响应信息","Description":"响应信息","ModelId":"7c7e35ec-e749-4c46-8e0f-0388b206251e&^^&ResponseInfo","ModelCode":"ResponseInfo","ModelName":"ResponseInfo","RefId":"7c7e35ec-e749-4c46-8e0f-0388b206251e&^^&ResponseInfo","RefCode":"ResponseInfo","RefName":"ResponseInfo","RefPath":null,"RefFileName":null,"ModelType":1,"In":"","IsRequired":true,"ListDeepth":0,"isCollection":false,"isRetVal":true,"isBasicType":false}],"ResourceOpId":"7c7e35ec-e749-4c46-8e0f-0388b206251e&^^&DeleteAndSave","Transaction":false,"AssemblyInfo":null,"Extend1":"Basic","Extend2":null,"isDeprecated":false},{"Id":"7c7e35ec-e749-4c46-8e0f-0388b206251e&^^&BatchDelete","Code":"BatchDelete","Name":"批量删除课程管理","Description":"批量删除指定的课程管理，该操作仅在当前业务上下文中删除，并不会持久化到数据库。后续需调用”保存“操作进行持久化，如需要立即持久化，请调用”批量删除课程管理并保存“操作。","HttpMethod":"DELETE","Template":"","Parameters":[{"Id":"7c7e35ec-e749-4c46-8e0f-0388b206251e&^^&BatchDeleteParam","Code":"ids","Name":"单据内码列表","Description":"单据内码列表","ModelId":"string","ModelCode":null,"ModelName":"string","RefId":null,"RefCode":null,"RefName":null,"RefPath":null,"RefFileName":null,"ModelType":0,"In":"Query","IsRequired":true,"ListDeepth":0,"isCollection":false,"isRetVal":false,"isBasicType":true}],"ResourceOpId":"7c7e35ec-e749-4c46-8e0f-0388b206251e&^^&BatchDelete","Transaction":false,"AssemblyInfo":null,"Extend1":"Basic","Extend2":null,"isDeprecated":true},{"Id":"7c7e35ec-e749-4c46-8e0f-0388b206251e&^^&BatchDeleteAndSave","Code":"BatchDeleteAndSave","Name":"批量删除课程管理并保存","Description":"批量删除指定的课程管理，并持久化到数据库。","HttpMethod":"POST","Template":"/batchdeleteandsave","Parameters":[{"Id":"7c7e35ec-e749-4c46-8e0f-0388b206251e&^^&RequestInfo","Code":"requestInfo","Name":"请求信息","Description":"请求信息","ModelId":"7c7e35ec-e749-4c46-8e0f-0388b206251e&^^&RequestInfo","ModelCode":"RequestInfo","ModelName":"RequestInfo","RefId":"7c7e35ec-e749-4c46-8e0f-0388b206251e&^^&RequestInfo","RefCode":"RequestInfo","RefName":"RequestInfo","RefPath":null,"RefFileName":null,"ModelType":1,"In":"Body","IsRequired":false,"ListDeepth":0,"isCollection":false,"isRetVal":false,"isBasicType":false},{"Id":"7c7e35ec-e749-4c46-8e0f-0388b206251e&^^&IdsParam","Code":"ids","Name":"单据内码列表","Description":"批量删除的单据内码列表","ModelId":"string","ModelCode":null,"ModelName":"string","RefId":null,"RefCode":null,"RefName":null,"RefPath":null,"RefFileName":null,"ModelType":0,"In":"Body","IsRequired":true,"ListDeepth":1,"isCollection":true,"isRetVal":false,"isBasicType":true},{"Id":"7c7e35ec-e749-4c46-8e0f-0388b206251e&^^&ResponseInfo","Code":"responseInfo","Name":"响应信息","Description":"响应信息","ModelId":"7c7e35ec-e749-4c46-8e0f-0388b206251e&^^&ResponseInfo","ModelCode":"ResponseInfo","ModelName":"ResponseInfo","RefId":"7c7e35ec-e749-4c46-8e0f-0388b206251e&^^&ResponseInfo","RefCode":"ResponseInfo","RefName":"ResponseInfo","RefPath":null,"RefFileName":null,"ModelType":1,"In":"","IsRequired":true,"ListDeepth":0,"isCollection":false,"isRetVal":true,"isBasicType":false}],"ResourceOpId":"7c7e35ec-e749-4c46-8e0f-0388b206251e&^^&BatchDeleteAndSave","Transaction":false,"AssemblyInfo":null,"Extend1":"Basic","Extend2":null,"isDeprecated":false},{"Id":"7c7e35ec-e749-4c46-8e0f-0388b206251e&^^&Update","Code":"Update","Name":"更新课程管理","Description":"通过变更集更新课程管理。","HttpMethod":"PATCH","Template":"","Parameters":[{"Id":"7c7e35ec-e749-4c46-8e0f-0388b206251e&^^&RequestInfo","Code":"requestInfo","Name":"请求信息","Description":"请求信息","ModelId":"7c7e35ec-e749-4c46-8e0f-0388b206251e&^^&RequestInfo","ModelCode":"RequestInfo","ModelName":"RequestInfo","RefId":"7c7e35ec-e749-4c46-8e0f-0388b206251e&^^&RequestInfo","RefCode":"RequestInfo","RefName":"RequestInfo","RefPath":null,"RefFileName":null,"ModelType":1,"In":"Body","IsRequired":false,"ListDeepth":0,"isCollection":false,"isRetVal":false,"isBasicType":false},{"Id":"7c7e35ec-e749-4c46-8e0f-0388b206251e&^^&UpdateParam","Code":"changeDetail","Name":"数据变更集","Description":"数据变更集","ModelId":"7c7e35ec-e749-4c46-8e0f-0388b206251e&^^&ChangeDetail","ModelCode":"ChangeDetail","ModelName":"ChangeDetail","RefId":"7c7e35ec-e749-4c46-8e0f-0388b206251e&^^&ChangeDetail","RefCode":"ChangeDetail","RefName":"ChangeDetail","RefPath":null,"RefFileName":null,"ModelType":1,"In":"Body","IsRequired":true,"ListDeepth":0,"isCollection":false,"isRetVal":false,"isBasicType":false},{"Id":"7c7e35ec-e749-4c46-8e0f-0388b206251e&^^&ResponseInfo","Code":"responseInfo","Name":"响应信息","Description":"响应信息","ModelId":"7c7e35ec-e749-4c46-8e0f-0388b206251e&^^&ResponseInfo","ModelCode":"ResponseInfo","ModelName":"ResponseInfo","RefId":"7c7e35ec-e749-4c46-8e0f-0388b206251e&^^&ResponseInfo","RefCode":"ResponseInfo","RefName":"ResponseInfo","RefPath":null,"RefFileName":null,"ModelType":1,"In":"","IsRequired":true,"ListDeepth":0,"isCollection":false,"isRetVal":true,"isBasicType":false}],"ResourceOpId":"7c7e35ec-e749-4c46-8e0f-0388b206251e&^^&Update","Transaction":false,"AssemblyInfo":null,"Extend1":"Basic","Extend2":null,"isDeprecated":false},{"Id":"7c7e35ec-e749-4c46-8e0f-0388b206251e&^^&Retrieve","Code":"Retrieve","Name":"检索课程管理","Description":"检索指定的课程管理，返回结果中包含课程管理的所有子表数据。","HttpMethod":"GET","Template":"/{dataId}","Parameters":[{"Id":"7c7e35ec-e749-4c46-8e0f-0388b206251e&^^&RetrieveParam","Code":"dataId","Name":"单据内码","Description":"单据内码","ModelId":"string","ModelCode":null,"ModelName":"string","RefId":null,"RefCode":null,"RefName":null,"RefPath":null,"RefFileName":null,"ModelType":0,"In":"Path","IsRequired":true,"ListDeepth":0,"isCollection":false,"isRetVal":false,"isBasicType":true},{"Id":"7c7e35ec-e749-4c46-8e0f-0388b206251e&^^&RetrieveParam1","Code":"course","Name":"课程管理","Description":"实体模型","ModelId":"7c7e35ec-e749-4c46-8e0f-0388b206251e","ModelCode":"courseCard_frm","ModelName":"课程维护_frm","RefId":"65f49db9-cad1-4e5b-aac5-aedccc6c607f","RefCode":"course","RefName":"课程管理","RefPath":null,"RefFileName":null,"ModelType":0,"In":"","IsRequired":true,"ListDeepth":0,"isCollection":false,"isRetVal":true,"isBasicType":false}],"ResourceOpId":"7c7e35ec-e749-4c46-8e0f-0388b206251e&^^&Retrieve","Transaction":false,"AssemblyInfo":null,"Extend1":"Basic","Extend2":null,"isDeprecated":false},{"Id":"7c7e35ec-e749-4c46-8e0f-0388b206251e&^^&RetrieveWithChildPagination","Code":"RetrieveWithChildPagination","Name":"检索课程管理（支持子表分页）","Description":"检索指定的课程管理，可对指定子表进行分页。","HttpMethod":"PUT","Template":"/service/retrieve/{dataId}","Parameters":[{"Id":"7c7e35ec-e749-4c46-8e0f-0388b206251e&^^&RequestInfo","Code":"requestInfo","Name":"请求信息","Description":"请求信息","ModelId":"7c7e35ec-e749-4c46-8e0f-0388b206251e&^^&RequestInfo","ModelCode":"RequestInfo","ModelName":"RequestInfo","RefId":"7c7e35ec-e749-4c46-8e0f-0388b206251e&^^&RequestInfo","RefCode":"RequestInfo","RefName":"RequestInfo","RefPath":null,"RefFileName":null,"ModelType":1,"In":"Body","IsRequired":false,"ListDeepth":0,"isCollection":false,"isRetVal":false,"isBasicType":false},{"Id":"7c7e35ec-e749-4c46-8e0f-0388b206251e&^^&dataId","Code":"dataId","Name":"单据内码","Description":"单据内码","ModelId":"string","ModelCode":null,"ModelName":"string","RefId":null,"RefCode":null,"RefName":null,"RefPath":null,"RefFileName":null,"ModelType":0,"In":"Path","IsRequired":true,"ListDeepth":0,"isCollection":false,"isRetVal":false,"isBasicType":true},{"Id":"7c7e35ec-e749-4c46-8e0f-0388b206251e&^^&retrieveParam","Code":"retrieveParam","Name":"查询参数","Description":"查询参数","ModelId":"7c7e35ec-e749-4c46-8e0f-0388b206251e&^^&RetrieveParam","ModelCode":"RetrieveParam","ModelName":"RetrieveParam","RefId":"7c7e35ec-e749-4c46-8e0f-0388b206251e&^^&RetrieveParam","RefCode":"RetrieveParam","RefName":"RetrieveParam","RefPath":null,"RefFileName":null,"ModelType":1,"In":"Body","IsRequired":true,"ListDeepth":0,"isCollection":false,"isRetVal":false,"isBasicType":false},{"Id":"7c7e35ec-e749-4c46-8e0f-0388b206251e&^^&ResponseInfo","Code":"responseInfo","Name":"响应信息","Description":"响应信息","ModelId":"7c7e35ec-e749-4c46-8e0f-0388b206251e&^^&ResponseInfo","ModelCode":"ResponseInfo","ModelName":"ResponseInfo","RefId":"7c7e35ec-e749-4c46-8e0f-0388b206251e&^^&ResponseInfo","RefCode":"ResponseInfo","RefName":"ResponseInfo","RefPath":null,"RefFileName":null,"ModelType":1,"In":"","IsRequired":true,"ListDeepth":0,"isCollection":false,"isRetVal":true,"isBasicType":false}],"ResourceOpId":"7c7e35ec-e749-4c46-8e0f-0388b206251e&^^&RetrieveWithChildPagination","Transaction":false,"AssemblyInfo":null,"Extend1":"Basic","Extend2":null,"isDeprecated":false},{"Id":"7c7e35ec-e749-4c46-8e0f-0388b206251e&^^&QueryChild","Code":"QueryChild","Name":"查询课程管理特定子表的数据","Description":"查询指定的课程管理下特定子表的数据。可对指定子表进行过滤、排序、分页。","HttpMethod":"PUT","Template":"/service/querychild","Parameters":[{"Id":"7c7e35ec-e749-4c46-8e0f-0388b206251e&^^&RequestInfo","Code":"requestInfo","Name":"请求信息","Description":"请求信息","ModelId":"7c7e35ec-e749-4c46-8e0f-0388b206251e&^^&RequestInfo","ModelCode":"RequestInfo","ModelName":"RequestInfo","RefId":"7c7e35ec-e749-4c46-8e0f-0388b206251e&^^&RequestInfo","RefCode":"RequestInfo","RefName":"RequestInfo","RefPath":null,"RefFileName":null,"ModelType":1,"In":"Body","IsRequired":false,"ListDeepth":0,"isCollection":false,"isRetVal":false,"isBasicType":false},{"Id":"7c7e35ec-e749-4c46-8e0f-0388b206251e&^^&nodeCodes","Code":"nodeCodes","Name":"节点编号列表","Description":"节点编号列表","ModelId":"string","ModelCode":null,"ModelName":"string","RefId":null,"RefCode":null,"RefName":null,"RefPath":null,"RefFileName":null,"ModelType":0,"In":"Body","IsRequired":true,"ListDeepth":1,"isCollection":true,"isRetVal":false,"isBasicType":true},{"Id":"7c7e35ec-e749-4c46-8e0f-0388b206251e&^^&ids","Code":"ids","Name":"内码列表","Description":"内码列表","ModelId":"string","ModelCode":null,"ModelName":"string","RefId":null,"RefCode":null,"RefName":null,"RefPath":null,"RefFileName":null,"ModelType":0,"In":"Body","IsRequired":true,"ListDeepth":1,"isCollection":true,"isRetVal":false,"isBasicType":true},{"Id":"7c7e35ec-e749-4c46-8e0f-0388b206251e&^^&pagination","Code":"pagination","Name":"分页信息","Description":"分页信息","ModelId":"7c7e35ec-e749-4c46-8e0f-0388b206251e&^^&Pagination","ModelCode":"Pagination","ModelName":"Pagination","RefId":"7c7e35ec-e749-4c46-8e0f-0388b206251e&^^&Pagination","RefCode":"Pagination","RefName":"Pagination","RefPath":null,"RefFileName":null,"ModelType":1,"In":"Body","IsRequired":true,"ListDeepth":0,"isCollection":false,"isRetVal":false,"isBasicType":false},{"Id":"7c7e35ec-e749-4c46-8e0f-0388b206251e&^^&ResponseInfo","Code":"responseInfo","Name":"响应信息","Description":"响应信息","ModelId":"7c7e35ec-e749-4c46-8e0f-0388b206251e&^^&ResponseInfo","ModelCode":"ResponseInfo","ModelName":"ResponseInfo","RefId":"7c7e35ec-e749-4c46-8e0f-0388b206251e&^^&ResponseInfo","RefCode":"ResponseInfo","RefName":"ResponseInfo","RefPath":null,"RefFileName":null,"ModelType":1,"In":"","IsRequired":true,"ListDeepth":0,"isCollection":false,"isRetVal":true,"isBasicType":false}],"ResourceOpId":"7c7e35ec-e749-4c46-8e0f-0388b206251e&^^&QueryChild","Transaction":false,"AssemblyInfo":null,"Extend1":"Basic","Extend2":null,"isDeprecated":false},{"Id":"7c7e35ec-e749-4c46-8e0f-0388b206251e&^^&Query","Code":"Query","Name":"查询课程管理","Description":"查询课程管理，可指定查询过滤条件、排序字段、设置分页。","HttpMethod":"GET","Template":"","Parameters":[{"Id":"7c7e35ec-e749-4c46-8e0f-0388b206251e&^^&EntityFilterParam","Code":"entityFilter","Name":"过滤条件","Description":"过滤条件","ModelId":"string","ModelCode":null,"ModelName":"string","RefId":null,"RefCode":null,"RefName":null,"RefPath":null,"RefFileName":null,"ModelType":0,"In":"Query","IsRequired":true,"ListDeepth":0,"isCollection":false,"isRetVal":false,"isBasicType":true},{"Id":"7c7e35ec-e749-4c46-8e0f-0388b206251e&^^&QueryParam","Code":"course","Name":"课程管理","Description":"实体模型","ModelId":"7c7e35ec-e749-4c46-8e0f-0388b206251e","ModelCode":"courseCard_frm","ModelName":"课程维护_frm","RefId":"65f49db9-cad1-4e5b-aac5-aedccc6c607f","RefCode":"course","RefName":"课程管理","RefPath":null,"RefFileName":null,"ModelType":0,"In":"","IsRequired":true,"ListDeepth":1,"isCollection":true,"isRetVal":true,"isBasicType":false}],"ResourceOpId":"7c7e35ec-e749-4c46-8e0f-0388b206251e&^^&Query","Transaction":false,"AssemblyInfo":null,"Extend1":"Basic","Extend2":null,"isDeprecated":true},{"Id":"7c7e35ec-e749-4c46-8e0f-0388b206251e&^^&Save","Code":"Save","Name":"保存","Description":"将当前业务上下文内所有修改的数据持久化到数据库。","HttpMethod":"PUT","Template":"","Parameters":[{"Id":"7c7e35ec-e749-4c46-8e0f-0388b206251e&^^&RequestInfo","Code":"requestInfo","Name":"请求信息","Description":"请求信息","ModelId":"7c7e35ec-e749-4c46-8e0f-0388b206251e&^^&RequestInfo","ModelCode":"RequestInfo","ModelName":"RequestInfo","RefId":"7c7e35ec-e749-4c46-8e0f-0388b206251e&^^&RequestInfo","RefCode":"RequestInfo","RefName":"RequestInfo","RefPath":null,"RefFileName":null,"ModelType":1,"In":"Body","IsRequired":false,"ListDeepth":0,"isCollection":false,"isRetVal":false,"isBasicType":false},{"Id":"7c7e35ec-e749-4c46-8e0f-0388b206251e&^^&ResponseInfo","Code":"responseInfo","Name":"响应信息","Description":"响应信息","ModelId":"7c7e35ec-e749-4c46-8e0f-0388b206251e&^^&ResponseInfo","ModelCode":"ResponseInfo","ModelName":"ResponseInfo","RefId":"7c7e35ec-e749-4c46-8e0f-0388b206251e&^^&ResponseInfo","RefCode":"ResponseInfo","RefName":"ResponseInfo","RefPath":null,"RefFileName":null,"ModelType":1,"In":"","IsRequired":true,"ListDeepth":0,"isCollection":false,"isRetVal":true,"isBasicType":false}],"ResourceOpId":"7c7e35ec-e749-4c46-8e0f-0388b206251e&^^&Save","Transaction":false,"AssemblyInfo":null,"Extend1":"Basic","Extend2":null,"isDeprecated":false},{"Id":"7c7e35ec-e749-4c46-8e0f-0388b206251e&^^&Cancel","Code":"Cancel","Name":"取消","Description":"取消所有数据的修改，此操作会将修改过程中锁定的数据解锁。","HttpMethod":"POST","Template":"service/cancel","Parameters":null,"ResourceOpId":"7c7e35ec-e749-4c46-8e0f-0388b206251e&^^&Cancel","Transaction":false,"AssemblyInfo":null,"Extend1":"Basic","Extend2":null,"isDeprecated":false},{"Id":"7c7e35ec-e749-4c46-8e0f-0388b206251e&^^&HasChanges","Code":"HasChanges","Name":"检查变更","Description":"检查当前业务上下文内是否存在未保存的变更","HttpMethod":"PUT","Template":"haschanges","Parameters":[{"Id":"7c7e35ec-e749-4c46-8e0f-0388b206251e&^^&RequestInfo","Code":"requestInfo","Name":"请求信息","Description":"请求信息","ModelId":"7c7e35ec-e749-4c46-8e0f-0388b206251e&^^&RequestInfo","ModelCode":"RequestInfo","ModelName":"RequestInfo","RefId":"7c7e35ec-e749-4c46-8e0f-0388b206251e&^^&RequestInfo","RefCode":"RequestInfo","RefName":"RequestInfo","RefPath":null,"RefFileName":null,"ModelType":1,"In":"Body","IsRequired":false,"ListDeepth":0,"isCollection":false,"isRetVal":false,"isBasicType":false},{"Id":"7c7e35ec-e749-4c46-8e0f-0388b206251e&^^&ResponseInfo","Code":"responseInfo","Name":"响应信息","Description":"响应信息","ModelId":"7c7e35ec-e749-4c46-8e0f-0388b206251e&^^&ResponseInfo","ModelCode":"ResponseInfo","ModelName":"ResponseInfo","RefId":"7c7e35ec-e749-4c46-8e0f-0388b206251e&^^&ResponseInfo","RefCode":"ResponseInfo","RefName":"ResponseInfo","RefPath":null,"RefFileName":null,"ModelType":1,"In":"","IsRequired":true,"ListDeepth":0,"isCollection":false,"isRetVal":true,"isBasicType":false}],"ResourceOpId":"7c7e35ec-e749-4c46-8e0f-0388b206251e&^^&HasChanges","Transaction":false,"AssemblyInfo":null,"Extend1":"Basic","Extend2":null,"isDeprecated":false},{"Id":"7c7e35ec-e749-4c46-8e0f-0388b206251e&^^&ElementHelp","Code":"GetElementHelp","Name":"获取字段帮助数据","Description":"获取指定帮助字段的帮助数据，支持课程管理及其子表的所有帮助字段的帮助数据。如果查询条件较长，建议使用”获取字段帮助数据“操作。","HttpMethod":"GET","Template":"elementhelps/{labelId}","Parameters":[{"Id":"7c7e35ec-e749-4c46-8e0f-0388b206251e&^^&labelIdParam","Code":"labelId","Name":"标签Id","Description":"标签内码","ModelId":"string","ModelCode":null,"ModelName":"string","RefId":null,"RefCode":null,"RefName":null,"RefPath":null,"RefFileName":null,"ModelType":0,"In":"Path","IsRequired":true,"ListDeepth":0,"isCollection":false,"isRetVal":false,"isBasicType":true},{"Id":"7c7e35ec-e749-4c46-8e0f-0388b206251e&^^&nodeCodeParam","Code":"nodeCode","Name":"节点编号","Description":"节点编号","ModelId":"string","ModelCode":null,"ModelName":"string","RefId":null,"RefCode":null,"RefName":null,"RefPath":null,"RefFileName":null,"ModelType":0,"In":"Query","IsRequired":true,"ListDeepth":0,"isCollection":false,"isRetVal":false,"isBasicType":true},{"Id":"7c7e35ec-e749-4c46-8e0f-0388b206251e&^^&queryParam","Code":"queryParam","Name":"查询参数","Description":"查询参数","ModelId":"string","ModelCode":null,"ModelName":"string","RefId":null,"RefCode":null,"RefName":null,"RefPath":null,"RefFileName":null,"ModelType":0,"In":"Query","IsRequired":true,"ListDeepth":0,"isCollection":false,"isRetVal":false,"isBasicType":true},{"Id":"7c7e35ec-e749-4c46-8e0f-0388b206251e&^^&ElementHelpRetParam","Code":"return","Name":"返回值","Description":"返回值","ModelId":"7c7e35ec-e749-4c46-8e0f-0388b206251e&^^&LookupResult","ModelCode":"LookupResult","ModelName":"LookupResult","RefId":"7c7e35ec-e749-4c46-8e0f-0388b206251e&^^&LookupResult","RefCode":"LookupResult","RefName":"LookupResult","RefPath":null,"RefFileName":null,"ModelType":1,"In":"","IsRequired":true,"ListDeepth":0,"isCollection":false,"isRetVal":true,"isBasicType":false}],"ResourceOpId":"7c7e35ec-e749-4c46-8e0f-0388b206251e&^^&ElementHelp","Transaction":false,"AssemblyInfo":null,"Extend1":"Basic","Extend2":null,"isDeprecated":true},{"Id":"7c7e35ec-e749-4c46-8e0f-0388b206251e&^^&Extend_Delete","Code":"Extend_Delete","Name":"删除课程管理","Description":"删除指定的课程管理。该操作仅在当前业务上下文中删除，并不会持久化到数据库。后续需调用”保存“操作进行持久化，如需要立即持久化，请调用”删除课程管理并保存“操作。也可通过变更集，在删除过程中修改其他数据，并返回删除过程中产生的其他变更。","HttpMethod":"PUT","Template":"/extension/delete/{dataId}","Parameters":[{"Id":"7c7e35ec-e749-4c46-8e0f-0388b206251e&^^&RequestInfo","Code":"requestInfo","Name":"请求信息","Description":"请求信息","ModelId":"7c7e35ec-e749-4c46-8e0f-0388b206251e&^^&RequestInfo","ModelCode":"RequestInfo","ModelName":"RequestInfo","RefId":"7c7e35ec-e749-4c46-8e0f-0388b206251e&^^&RequestInfo","RefCode":"RequestInfo","RefName":"RequestInfo","RefPath":null,"RefFileName":null,"ModelType":1,"In":"Body","IsRequired":false,"ListDeepth":0,"isCollection":false,"isRetVal":false,"isBasicType":false},{"Id":"7c7e35ec-e749-4c46-8e0f-0388b206251e&^^&DeleteParam","Code":"dataId","Name":"单据内码","Description":"单据内码","ModelId":"string","ModelCode":null,"ModelName":"string","RefId":null,"RefCode":null,"RefName":null,"RefPath":null,"RefFileName":null,"ModelType":0,"In":"Path","IsRequired":false,"ListDeepth":0,"isCollection":false,"isRetVal":false,"isBasicType":true},{"Id":"7c7e35ec-e749-4c46-8e0f-0388b206251e&^^&ResponseInfo","Code":"responseInfo","Name":"响应信息","Description":"响应信息","ModelId":"7c7e35ec-e749-4c46-8e0f-0388b206251e&^^&ResponseInfo","ModelCode":"ResponseInfo","ModelName":"ResponseInfo","RefId":"7c7e35ec-e749-4c46-8e0f-0388b206251e&^^&ResponseInfo","RefCode":"ResponseInfo","RefName":"ResponseInfo","RefPath":null,"RefFileName":null,"ModelType":1,"In":"","IsRequired":true,"ListDeepth":0,"isCollection":false,"isRetVal":true,"isBasicType":false}],"ResourceOpId":"7c7e35ec-e749-4c46-8e0f-0388b206251e&^^&Extend_Delete","Transaction":false,"AssemblyInfo":null,"Extend1":"Basic","Extend2":null,"isDeprecated":false},{"Id":"7c7e35ec-e749-4c46-8e0f-0388b206251e&^^&Extend_BatchDelete","Code":"Extend_BatchDelete","Name":"批量删除课程管理","Description":"批量删除指定的课程管理，如删除数据较多，建议使用”批量删除课程管理“操作。","HttpMethod":"PUT","Template":"/extension/batchdelete","Parameters":[{"Id":"7c7e35ec-e749-4c46-8e0f-0388b206251e&^^&RequestInfo","Code":"requestInfo","Name":"请求信息","Description":"请求信息","ModelId":"7c7e35ec-e749-4c46-8e0f-0388b206251e&^^&RequestInfo","ModelCode":"RequestInfo","ModelName":"RequestInfo","RefId":"7c7e35ec-e749-4c46-8e0f-0388b206251e&^^&RequestInfo","RefCode":"RequestInfo","RefName":"RequestInfo","RefPath":null,"RefFileName":null,"ModelType":1,"In":"Body","IsRequired":false,"ListDeepth":0,"isCollection":false,"isRetVal":false,"isBasicType":false},{"Id":"7c7e35ec-e749-4c46-8e0f-0388b206251e&^^&BatchDeleteParam","Code":"ids","Name":"单据内码列表","Description":"单据内码列表","ModelId":"string","ModelCode":null,"ModelName":"string","RefId":null,"RefCode":null,"RefName":null,"RefPath":null,"RefFileName":null,"ModelType":0,"In":"Query","IsRequired":true,"ListDeepth":0,"isCollection":false,"isRetVal":false,"isBasicType":true},{"Id":"7c7e35ec-e749-4c46-8e0f-0388b206251e&^^&ResponseInfo","Code":"responseInfo","Name":"响应信息","Description":"响应信息","ModelId":"7c7e35ec-e749-4c46-8e0f-0388b206251e&^^&ResponseInfo","ModelCode":"ResponseInfo","ModelName":"ResponseInfo","RefId":"7c7e35ec-e749-4c46-8e0f-0388b206251e&^^&ResponseInfo","RefCode":"ResponseInfo","RefName":"ResponseInfo","RefPath":null,"RefFileName":null,"ModelType":1,"In":"","IsRequired":true,"ListDeepth":0,"isCollection":false,"isRetVal":true,"isBasicType":false}],"ResourceOpId":"7c7e35ec-e749-4c46-8e0f-0388b206251e&^^&Extend_BatchDelete","Transaction":false,"AssemblyInfo":null,"Extend1":"Basic","Extend2":null,"isDeprecated":true},{"Id":"7c7e35ec-e749-4c46-8e0f-0388b206251e&^^&Extension_BatchDeletion","Code":"Extension_BatchDeletion","Name":"批量删除课程管理","Description":"批量删除指定的课程管理，该操作仅在当前业务上下文中删除，并不会持久化到数据库。后续需调用”保存“操作进行持久化，如需要立即持久化，请调用”批量删除课程管理并保存“操作。可在删除过程中，修改其他数据，并返回删除过程中产生的其他变更。","HttpMethod":"PUT","Template":"/extension/batchdeletion","Parameters":[{"Id":"7c7e35ec-e749-4c46-8e0f-0388b206251e&^^&RequestInfo","Code":"requestInfo","Name":"请求信息","Description":"请求信息","ModelId":"7c7e35ec-e749-4c46-8e0f-0388b206251e&^^&RequestInfo","ModelCode":"RequestInfo","ModelName":"RequestInfo","RefId":"7c7e35ec-e749-4c46-8e0f-0388b206251e&^^&RequestInfo","RefCode":"RequestInfo","RefName":"RequestInfo","RefPath":null,"RefFileName":null,"ModelType":1,"In":"Body","IsRequired":false,"ListDeepth":0,"isCollection":false,"isRetVal":false,"isBasicType":false},{"Id":"7c7e35ec-e749-4c46-8e0f-0388b206251e&^^&Ids","Code":"ids","Name":"单据内码集合","Description":"批量删除的内码集合","ModelId":"string","ModelCode":null,"ModelName":"string","RefId":null,"RefCode":null,"RefName":null,"RefPath":null,"RefFileName":null,"ModelType":0,"In":"Body","IsRequired":true,"ListDeepth":1,"isCollection":true,"isRetVal":false,"isBasicType":true},{"Id":"7c7e35ec-e749-4c46-8e0f-0388b206251e&^^&ResponseInfo","Code":"responseInfo","Name":"响应信息","Description":"响应信息","ModelId":"7c7e35ec-e749-4c46-8e0f-0388b206251e&^^&ResponseInfo","ModelCode":"ResponseInfo","ModelName":"ResponseInfo","RefId":"7c7e35ec-e749-4c46-8e0f-0388b206251e&^^&ResponseInfo","RefCode":"ResponseInfo","RefName":"ResponseInfo","RefPath":null,"RefFileName":null,"ModelType":1,"In":"","IsRequired":true,"ListDeepth":0,"isCollection":false,"isRetVal":true,"isBasicType":false}],"ResourceOpId":"7c7e35ec-e749-4c46-8e0f-0388b206251e&^^&Extension_BatchDeletion","Transaction":false,"AssemblyInfo":null,"Extend1":"Basic","Extend2":null,"isDeprecated":false},{"Id":"7c7e35ec-e749-4c46-8e0f-0388b206251e&^^&Extend_Retrieve","Code":"Extend_Retrieve","Name":"检索课程管理","Description":"检索指定的课程管理，返回结果中包含课程管理的所有子表数据。也可通过变更集，在删除过程中修改其他数据，并返回删除过程中产生的其他变更。","HttpMethod":"PUT","Template":"/extension/retrieve/{dataId}","Parameters":[{"Id":"7c7e35ec-e749-4c46-8e0f-0388b206251e&^^&RequestInfo","Code":"requestInfo","Name":"请求信息","Description":"请求信息","ModelId":"7c7e35ec-e749-4c46-8e0f-0388b206251e&^^&RequestInfo","ModelCode":"RequestInfo","ModelName":"RequestInfo","RefId":"7c7e35ec-e749-4c46-8e0f-0388b206251e&^^&RequestInfo","RefCode":"RequestInfo","RefName":"RequestInfo","RefPath":null,"RefFileName":null,"ModelType":1,"In":"Body","IsRequired":false,"ListDeepth":0,"isCollection":false,"isRetVal":false,"isBasicType":false},{"Id":"7c7e35ec-e749-4c46-8e0f-0388b206251e&^^&RetrieveParam","Code":"dataId","Name":"单据内码","Description":"单据内码","ModelId":"string","ModelCode":null,"ModelName":"string","RefId":null,"RefCode":null,"RefName":null,"RefPath":null,"RefFileName":null,"ModelType":0,"In":"Path","IsRequired":true,"ListDeepth":0,"isCollection":false,"isRetVal":false,"isBasicType":true},{"Id":"7c7e35ec-e749-4c46-8e0f-0388b206251e&^^&ResponseInfo","Code":"responseInfo","Name":"响应信息","Description":"响应信息","ModelId":"7c7e35ec-e749-4c46-8e0f-0388b206251e&^^&ResponseInfo","ModelCode":"ResponseInfo","ModelName":"ResponseInfo","RefId":"7c7e35ec-e749-4c46-8e0f-0388b206251e&^^&ResponseInfo","RefCode":"ResponseInfo","RefName":"ResponseInfo","RefPath":null,"RefFileName":null,"ModelType":1,"In":"","IsRequired":true,"ListDeepth":0,"isCollection":false,"isRetVal":true,"isBasicType":false}],"ResourceOpId":"7c7e35ec-e749-4c46-8e0f-0388b206251e&^^&Extend_Retrieve","Transaction":false,"AssemblyInfo":null,"Extend1":"Basic","Extend2":null,"isDeprecated":false},{"Id":"7c7e35ec-e749-4c46-8e0f-0388b206251e&^^&Extend_Query","Code":"Extend_Query","Name":"查询课程管理","Description":"按照查询条件查询课程管理。如果查询条件较长，建议使用”查询课程管理“操作。","HttpMethod":"PUT","Template":"/extension/query","Parameters":[{"Id":"7c7e35ec-e749-4c46-8e0f-0388b206251e&^^&RequestInfo","Code":"requestInfo","Name":"请求信息","Description":"请求信息","ModelId":"7c7e35ec-e749-4c46-8e0f-0388b206251e&^^&RequestInfo","ModelCode":"RequestInfo","ModelName":"RequestInfo","RefId":"7c7e35ec-e749-4c46-8e0f-0388b206251e&^^&RequestInfo","RefCode":"RequestInfo","RefName":"RequestInfo","RefPath":null,"RefFileName":null,"ModelType":1,"In":"Body","IsRequired":false,"ListDeepth":0,"isCollection":false,"isRetVal":false,"isBasicType":false},{"Id":"7c7e35ec-e749-4c46-8e0f-0388b206251e&^^&EntityFilterParam","Code":"entityFilter","Name":"过滤条件","Description":"过滤条件","ModelId":"string","ModelCode":null,"ModelName":"string","RefId":null,"RefCode":null,"RefName":null,"RefPath":null,"RefFileName":null,"ModelType":0,"In":"Query","IsRequired":false,"ListDeepth":0,"isCollection":false,"isRetVal":false,"isBasicType":true},{"Id":"7c7e35ec-e749-4c46-8e0f-0388b206251e&^^&ResponseInfo","Code":"responseInfo","Name":"响应信息","Description":"响应信息","ModelId":"7c7e35ec-e749-4c46-8e0f-0388b206251e&^^&ResponseInfo","ModelCode":"ResponseInfo","ModelName":"ResponseInfo","RefId":"7c7e35ec-e749-4c46-8e0f-0388b206251e&^^&ResponseInfo","RefCode":"ResponseInfo","RefName":"ResponseInfo","RefPath":null,"RefFileName":null,"ModelType":1,"In":"","IsRequired":true,"ListDeepth":0,"isCollection":false,"isRetVal":true,"isBasicType":false}],"ResourceOpId":"7c7e35ec-e749-4c46-8e0f-0388b206251e&^^&Extend_Query","Transaction":false,"AssemblyInfo":null,"Extend1":"Basic","Extend2":null,"isDeprecated":true},{"Id":"7c7e35ec-e749-4c46-8e0f-0388b206251e&^^&Extension_Filter","Code":"Extension_Filter","Name":"查询课程管理","Description":"按照查询条件查询课程管理，可指定查询过滤条件、排序字段、设置分页。也可通过变更集，在删除过程中修改其他数据，并返回删除过程中产生的其他变更。","HttpMethod":"POST","Template":"/extension/filter","Parameters":[{"Id":"7c7e35ec-e749-4c46-8e0f-0388b206251e&^^&RequestInfo","Code":"requestInfo","Name":"请求信息","Description":"请求信息","ModelId":"7c7e35ec-e749-4c46-8e0f-0388b206251e&^^&RequestInfo","ModelCode":"RequestInfo","ModelName":"RequestInfo","RefId":"7c7e35ec-e749-4c46-8e0f-0388b206251e&^^&RequestInfo","RefCode":"RequestInfo","RefName":"RequestInfo","RefPath":null,"RefFileName":null,"ModelType":1,"In":"Body","IsRequired":false,"ListDeepth":0,"isCollection":false,"isRetVal":false,"isBasicType":false},{"Id":"7c7e35ec-e749-4c46-8e0f-0388b206251e&^^&EntityFilter","Code":"entityFilter","Name":"过滤条件","Description":"过滤条件","ModelId":"7c7e35ec-e749-4c46-8e0f-0388b206251e&^^&EntityFilter","ModelCode":"EntityFilter","ModelName":"EntityFilter","RefId":"7c7e35ec-e749-4c46-8e0f-0388b206251e&^^&EntityFilter","RefCode":"EntityFilter","RefName":"EntityFilter","RefPath":null,"RefFileName":null,"ModelType":1,"In":"Body","IsRequired":false,"ListDeepth":0,"isCollection":false,"isRetVal":false,"isBasicType":false},{"Id":"7c7e35ec-e749-4c46-8e0f-0388b206251e&^^&ResponseInfo","Code":"responseInfo","Name":"响应信息","Description":"响应信息","ModelId":"7c7e35ec-e749-4c46-8e0f-0388b206251e&^^&ResponseInfo","ModelCode":"ResponseInfo","ModelName":"ResponseInfo","RefId":"7c7e35ec-e749-4c46-8e0f-0388b206251e&^^&ResponseInfo","RefCode":"ResponseInfo","RefName":"ResponseInfo","RefPath":null,"RefFileName":null,"ModelType":1,"In":"","IsRequired":true,"ListDeepth":0,"isCollection":false,"isRetVal":true,"isBasicType":false}],"ResourceOpId":"7c7e35ec-e749-4c46-8e0f-0388b206251e&^^&Extension_Filter","Transaction":false,"AssemblyInfo":null,"Extend1":"Basic","Extend2":null,"isDeprecated":false},{"Id":"7c7e35ec-e749-4c46-8e0f-0388b206251e&^^&Extend_ElementHelp","Code":"Extend_GetElementHelp","Name":"获取字段帮助数据","Description":"获取指定帮助字段的帮助数据，支持课程管理及其子表的所有帮助字段的帮助数据。也可通过变更集，在删除过程中修改其他数据，并返回删除过程中产生的其他变更。","HttpMethod":"PUT","Template":"/extension/elementhelps","Parameters":[{"Id":"7c7e35ec-e749-4c46-8e0f-0388b206251e&^^&RequestInfo","Code":"requestInfo","Name":"请求信息","Description":"请求信息","ModelId":"7c7e35ec-e749-4c46-8e0f-0388b206251e&^^&RequestInfo","ModelCode":"RequestInfo","ModelName":"RequestInfo","RefId":"7c7e35ec-e749-4c46-8e0f-0388b206251e&^^&RequestInfo","RefCode":"RequestInfo","RefName":"RequestInfo","RefPath":null,"RefFileName":null,"ModelType":1,"In":"Body","IsRequired":false,"ListDeepth":0,"isCollection":false,"isRetVal":false,"isBasicType":false},{"Id":"7c7e35ec-e749-4c46-8e0f-0388b206251e&^^&labelIdParam","Code":"labelId","Name":"标签Id","Description":"标签内码","ModelId":"string","ModelCode":null,"ModelName":"string","RefId":null,"RefCode":null,"RefName":null,"RefPath":null,"RefFileName":null,"ModelType":0,"In":"Body","IsRequired":true,"ListDeepth":0,"isCollection":false,"isRetVal":false,"isBasicType":true},{"Id":"7c7e35ec-e749-4c46-8e0f-0388b206251e&^^&nodeCodeParam","Code":"nodeCode","Name":"节点编号","Description":"节点编号","ModelId":"string","ModelCode":null,"ModelName":"string","RefId":null,"RefCode":null,"RefName":null,"RefPath":null,"RefFileName":null,"ModelType":0,"In":"Body","IsRequired":true,"ListDeepth":0,"isCollection":false,"isRetVal":false,"isBasicType":true},{"Id":"7c7e35ec-e749-4c46-8e0f-0388b206251e&^^&queryParam","Code":"queryParam","Name":"查询参数","Description":"查询参数","ModelId":"7c7e35ec-e749-4c46-8e0f-0388b206251e&^^&LookupQueryParam","ModelCode":"LookupQueryParam","ModelName":"LookupQueryParam","RefId":"7c7e35ec-e749-4c46-8e0f-0388b206251e&^^&LookupQueryParam","RefCode":"LookupQueryParam","RefName":"LookupQueryParam","RefPath":null,"RefFileName":null,"ModelType":1,"In":"Body","IsRequired":true,"ListDeepth":0,"isCollection":false,"isRetVal":false,"isBasicType":true},{"Id":"7c7e35ec-e749-4c46-8e0f-0388b206251e&^^&ResponseInfo","Code":"responseInfo","Name":"响应信息","Description":"响应信息","ModelId":"7c7e35ec-e749-4c46-8e0f-0388b206251e&^^&ResponseInfo","ModelCode":"ResponseInfo","ModelName":"ResponseInfo","RefId":"7c7e35ec-e749-4c46-8e0f-0388b206251e&^^&ResponseInfo","RefCode":"ResponseInfo","RefName":"ResponseInfo","RefPath":null,"RefFileName":null,"ModelType":1,"In":"","IsRequired":true,"ListDeepth":0,"isCollection":false,"isRetVal":true,"isBasicType":false}],"ResourceOpId":"7c7e35ec-e749-4c46-8e0f-0388b206251e&^^&Extend_ElementHelp","Transaction":false,"AssemblyInfo":null,"Extend1":"Basic","Extend2":null,"isDeprecated":false}],"Extension":null},"Models":[{"Id":"7c7e35ec-e749-4c46-8e0f-0388b206251e&^^&RequestInfo","Code":"RequestInfo","Name":"RequestInfo","ModelId":"7c7e35ec-e749-4c46-8e0f-0388b206251e&^^&RequestInfo","ModelCode":"RequestInfo","ModelName":"RequestInfo","RelativePath":null,"FileName":null,"ModelType":1},{"Id":"7c7e35ec-e749-4c46-8e0f-0388b206251e&^^&DefaultValue","Code":"DefaultValue","Name":"DefaultValue","ModelId":"7c7e35ec-e749-4c46-8e0f-0388b206251e&^^&DefaultValue","ModelCode":"DefaultValue","ModelName":"DefaultValue","RelativePath":null,"FileName":null,"ModelType":1},{"Id":"7c7e35ec-e749-4c46-8e0f-0388b206251e&^^&ResponseInfo","Code":"ResponseInfo","Name":"ResponseInfo","ModelId":"7c7e35ec-e749-4c46-8e0f-0388b206251e&^^&ResponseInfo","ModelCode":"ResponseInfo","ModelName":"ResponseInfo","RelativePath":null,"FileName":null,"ModelType":1},{"Id":"7c7e35ec-e749-4c46-8e0f-0388b206251e&^^&RetrieveDefaultParam","Code":"RetrieveDefaultParam","Name":"RetrieveDefaultParam","ModelId":"7c7e35ec-e749-4c46-8e0f-0388b206251e&^^&RetrieveDefaultParam","ModelCode":"RetrieveDefaultParam","ModelName":"RetrieveDefaultParam","RelativePath":null,"FileName":null,"ModelType":1},{"Id":"7c7e35ec-e749-4c46-8e0f-0388b206251e&^^&ChangeDetail","Code":"ChangeDetail","Name":"ChangeDetail","ModelId":"7c7e35ec-e749-4c46-8e0f-0388b206251e&^^&ChangeDetail","ModelCode":"ChangeDetail","ModelName":"ChangeDetail","RelativePath":null,"FileName":null,"ModelType":1},{"Id":"65f49db9-cad1-4e5b-aac5-aedccc6c607f","Code":"course","Name":"课程管理","ModelId":"7c7e35ec-e749-4c46-8e0f-0388b206251e","ModelCode":"courseCard_frm","ModelName":"课程维护_frm","RelativePath":null,"FileName":null,"ModelType":0},{"Id":"7c7e35ec-e749-4c46-8e0f-0388b206251e&^^&RetrieveParam","Code":"RetrieveParam","Name":"RetrieveParam","ModelId":"7c7e35ec-e749-4c46-8e0f-0388b206251e&^^&RetrieveParam","ModelCode":"RetrieveParam","ModelName":"RetrieveParam","RelativePath":null,"FileName":null,"ModelType":1},{"Id":"7c7e35ec-e749-4c46-8e0f-0388b206251e&^^&Pagination","Code":"Pagination","Name":"Pagination","ModelId":"7c7e35ec-e749-4c46-8e0f-0388b206251e&^^&Pagination","ModelCode":"Pagination","ModelName":"Pagination","RelativePath":null,"FileName":null,"ModelType":1},{"Id":"7c7e35ec-e749-4c46-8e0f-0388b206251e&^^&LookupResult","Code":"LookupResult","Name":"LookupResult","ModelId":"7c7e35ec-e749-4c46-8e0f-0388b206251e&^^&LookupResult","ModelCode":"LookupResult","ModelName":"LookupResult","RelativePath":null,"FileName":null,"ModelType":1},{"Id":"7c7e35ec-e749-4c46-8e0f-0388b206251e&^^&EntityFilter","Code":"EntityFilter","Name":"EntityFilter","ModelId":"7c7e35ec-e749-4c46-8e0f-0388b206251e&^^&EntityFilter","ModelCode":"EntityFilter","ModelName":"EntityFilter","RelativePath":null,"FileName":null,"ModelType":1}],"EndPoint":"/managementsystem/lesson/v1.0/coursecard_frm","Router":"/api/managementsystem/lesson/v1.0/coursecard_frm"}]