{"module":{"id":"courseCard","code":"courseCard","name":"课程维护","caption":"课程维护","type":"Module","creator":"admin","creationDate":"2024-11-25T11:43:55.709Z","updateVersion":"191104","showTitle":true,"bootstrap":"card-template","templateId":"card-template","schemas":[{"eapiId":"009e3eac-23a9-49eb-971c-6f111fdef9bf","eapiCode":"courseCard_frm","eapiName":"课程维护_frm","eapiNameSpace":"Inspur.GS.managementSystem.lesson.course.course.Front","voPath":"managementSystem/lesson/course/bo-course-front/metadata/components","voNameSpace":"Inspur.GS.managementSystem.lesson.course.course.Front","entities":[{"label":"courses","code":"course","name":"课程管理","id":"65f49db9-cad1-4e5b-aac5-aedccc6c607f","type":{"$type":"EntityType","entities":[],"primary":"id","fields":[{"$type":"SimpleField","readonly":false,"multiLanguage":false,"require":true,"defaultValue":"","editor":{"$type":"TextBox"},"label":"id","originalId":"bdb29c53-e269-4e15-b540-ab018cb1a87e","code":"ID","bindingPath":"id","bindingField":"id","name":"主键","id":"bdb29c53-e269-4e15-b540-ab018cb1a87e","type":{"$type":"StringType","displayName":"字符串","length":36,"name":"String"},"path":"ID"},{"$type":"SimpleField","readonly":false,"multiLanguage":false,"require":false,"defaultValue":"","editor":{"$type":"DateBox","format":"'yyyy-MM-dd'"},"label":"version","originalId":"09848399-e533-4597-9e25-89124239f927","code":"Version","bindingPath":"version","bindingField":"version","name":"版本","id":"09848399-e533-4597-9e25-89124239f927","type":{"$type":"DateTimeType","displayName":"日期时间","name":"DateTime"},"path":"Version"},{"$type":"SimpleField","readonly":false,"multiLanguage":false,"require":false,"defaultValue":"","editor":{"$type":"TextBox"},"label":"name","originalId":"17988d5d-d441-416f-a42f-bc676c50bee1","code":"name","bindingPath":"name","bindingField":"name","name":"课程名","id":"17988d5d-d441-416f-a42f-bc676c50bee1","type":{"$type":"StringType","displayName":"字符串","length":36,"name":"String"},"path":"name"},{"$type":"SimpleField","readonly":false,"multiLanguage":false,"require":false,"defaultValue":"","editor":{"$type":"EnumField"},"label":"exam_type","originalId":"dbe8f379-495a-4ae7-86bd-5c4fb9c8b530","code":"exam_type","bindingPath":"exam_type","bindingField":"exam_type","name":"考试类型","id":"dbe8f379-495a-4ae7-86bd-5c4fb9c8b530","type":{"$type":"EnumType","valueType":{"$type":"NumericType","precision":0,"displayName":"数字","length":0,"name":"Number"},"displayName":"枚举","name":"Enum","enumValues":[{"disabled":false,"name":"无","value":"0"},{"disabled":false,"name":"考试","value":"1"},{"disabled":false,"name":"考察","value":"2"}]},"path":"exam_type"},{"$type":"SimpleField","readonly":false,"multiLanguage":false,"require":false,"defaultValue":"","editor":{"$type":"EnumField"},"label":"course_type","originalId":"39a2a4e8-838d-48c3-8194-1b78eaab10c8","code":"course_type","bindingPath":"course_type","bindingField":"course_type","name":"课程类型","id":"39a2a4e8-838d-48c3-8194-1b78eaab10c8","type":{"$type":"EnumType","valueType":{"$type":"NumericType","precision":0,"displayName":"数字","length":0,"name":"Number"},"displayName":"枚举","name":"Enum","enumValues":[{"disabled":false,"name":"无","value":"0"},{"disabled":false,"name":"必修","value":"1"},{"disabled":false,"name":"选修","value":"2"}]},"path":"course_type"},{"$type":"SimpleField","readonly":false,"multiLanguage":false,"require":true,"defaultValue":"","editor":{"$type":"NumericBox"},"label":"credit","originalId":"1fd793b0-b8b4-4ab1-a1f6-c63dc2e59516","code":"credit","bindingPath":"credit","bindingField":"credit","name":"学分","id":"1fd793b0-b8b4-4ab1-a1f6-c63dc2e59516","type":{"$type":"NumericType","precision":2,"displayName":"数字","length":18,"name":"Number"},"path":"credit"},{"$type":"SimpleField","readonly":false,"multiLanguage":false,"require":true,"defaultValue":"","editor":{"$type":"TextBox"},"label":"course_number","originalId":"7adcc933-4fef-4828-95ac-21d594470924","code":"course_number","bindingPath":"course_number","bindingField":"course_number","name":"课程代码","id":"7adcc933-4fef-4828-95ac-21d594470924","type":{"$type":"StringType","displayName":"字符串","length":36,"name":"String"},"path":"course_number"}],"displayName":"课程管理","name":"course"}}],"code":"courseCard_frm","sourceUri":"api/managementsystem/lesson/v1.0/courseCard_frm","name":"课程维护_frm","id":"7c7e35ec-e749-4c46-8e0f-0388b206251e","extendProperties":{"enableStdTimeFormat":true},"sourceType":"vo","variables":[]}],"states":[],"contents":[],"stateMachines":[{"id":"courseCard_state_machine","name":"课程维护_frm","uri":"14dc54d2-300d-4abf-9f18-20dc517a9bd2","code":"courseCard_frm","nameSpace":"Inspur.GS.managementSystem.lesson.course.course.Front"}],"viewmodels":[{"id":"root-viewmodel","code":"root-viewmodel","name":"课程管理","fields":[],"stateMachine":"courseCard_state_machine","serviceRefs":[],"commands":[{"id":"e05264fb-796d-43fb-b83b-9e2f3866c328","code":"Load1","name":"执行加载页面后初始方法","params":[{"name":"action","shownName":"初始方法","value":"{UISTATE~/#{root-component}/action}"}],"handlerName":"Load","cmpId":"8172a979-2c80-4637-ace7-b13074d3f393","extensions":[],"isInvalid":false},{"id":"246a275c-88c9-4c8a-aa82-be6a950a4325","code":"LoadAndAdd1","name":"新增一条数据","params":[{"name":"transitionAction","shownName":"状态机动作","value":"Create"}],"handlerName":"LoadAndAdd","cmpId":"8172a979-2c80-4637-ace7-b13074d3f393","extensions":[],"isInvalid":false},{"id":"70acc053-fa15-45be-851c-cf694e1bcaf7","code":"LoadAndView1","name":"查看一条数据","params":[{"name":"id","shownName":"待查看数据的标识","value":"{UISTATE~/#{root-component}/id}"},{"name":"transitionAction","shownName":"状态机动作","value":"Cancel"}],"handlerName":"LoadAndView","cmpId":"8172a979-2c80-4637-ace7-b13074d3f393","extensions":[],"isInvalid":false},{"id":"3e72ee6f-8f7b-4f29-aa0e-5887f2861117","code":"LoadAndEdit1","name":"编辑当前数据","params":[{"name":"id","shownName":"待编辑数据的标识","value":"{UISTATE~/#{root-component}/id}"},{"name":"transitionAction","shownName":"状态机动作","value":"Edit"}],"handlerName":"LoadAndEdit","cmpId":"8172a979-2c80-4637-ace7-b13074d3f393","extensions":[],"isInvalid":false},{"id":"f90aadfa-988c-4da5-a5db-1416c3333794","code":"Add1","name":"新增一条数据","params":[{"name":"transitionAction","shownName":"状态机动作","value":"Create"}],"handlerName":"Add","cmpId":"8172a979-2c80-4637-ace7-b13074d3f393","extensions":[],"isInvalid":false},{"id":"a323e27b-b9c6-4848-93b9-f117403a94ff","code":"Edit1","name":"编辑当前数据","params":[{"name":"transitionAction","shownName":"状态机动作","value":"Edit"}],"handlerName":"Edit","cmpId":"8172a979-2c80-4637-ace7-b13074d3f393","extensions":[],"isInvalid":false},{"id":"31b814db-01e4-407d-8fad-0f08dbb01999","code":"Save1","name":"保存变更","params":[{"name":"transitionAction","shownName":"状态机动作","value":"Cancel"}],"handlerName":"Save","cmpId":"8172a979-2c80-4637-ace7-b13074d3f393","extensions":[],"isInvalid":false},{"id":"4f5ed2ec-8def-4a3c-8e7b-397ea93010e8","code":"Cancel1","name":"取消变更","params":[{"name":"transitionAction","shownName":"状态机动作","value":"Cancel"}],"handlerName":"Cancel","cmpId":"8172a979-2c80-4637-ace7-b13074d3f393","extensions":[],"isInvalid":false},{"id":"c8504c24-33e8-487a-91ce-2218b803fe01","code":"ChangeItem1","name":"切换上一条或下一条1","params":[{"name":"id","shownName":"当前数据标识","value":"{DATA~/#{root-component}/id}"},{"name":"type","shownName":"切换类型(prev|next)","value":"prev"},{"name":"transitionAction","shownName":"状态机动作","value":"Cancel"}],"handlerName":"ChangeItem","cmpId":"8172a979-2c80-4637-ace7-b13074d3f393","extensions":[],"isInvalid":false},{"id":"4a0cfb1a-1262-41a2-aeb9-c8edd5c09683","code":"ChangeItem2","name":"切换上一条或下一条2","params":[{"name":"id","shownName":"当前数据标识","value":"{DATA~/#{root-component}/id}"},{"name":"type","shownName":"切换类型(prev|next)","value":"next"},{"name":"transitionAction","shownName":"状态机动作","value":"Cancel"}],"handlerName":"ChangeItem","cmpId":"8172a979-2c80-4637-ace7-b13074d3f393","extensions":[],"isInvalid":false}],"states":[],"bindTo":"/","enableUnifiedSession":false},{"id":"basic-form-viewmodel","code":"basic-form-viewmodel","name":"课程管理","fields":[{"type":"Form","id":"17988d5d-d441-416f-a42f-bc676c50bee1","fieldName":"name","groupId":null,"groupName":null,"updateOn":"blur"},{"type":"Form","id":"dbe8f379-495a-4ae7-86bd-5c4fb9c8b530","fieldName":"exam_type","groupId":null,"groupName":null,"updateOn":"change"},{"type":"Form","id":"39a2a4e8-838d-48c3-8194-1b78eaab10c8","fieldName":"course_type","groupId":null,"groupName":null,"updateOn":"change"},{"type":"Form","id":"1fd793b0-b8b4-4ab1-a1f6-c63dc2e59516","fieldName":"credit","groupId":null,"groupName":null,"updateOn":"blur"},{"type":"Form","id":"7adcc933-4fef-4828-95ac-21d594470924","fieldName":"course_number","groupId":null,"groupName":null,"updateOn":"blur"}],"serviceRefs":[],"commands":[],"states":[],"bindTo":"/","parent":"root-viewmodel","enableValidation":true}],"components":[{"id":"root-component","type":"Component","viewModel":"root-viewmodel","componentType":"Frame","onInit":"Load1","contents":[{"id":"root-layout","type":"ContentContainer","appearance":{"class":"f-page f-page-card f-page-is-mainsubcard"},"size":null,"contents":[{"id":"page-header","type":"ContentContainer","appearance":{"class":"f-page-header"},"size":null,"contents":[{"id":"header-nav","type":"ContentContainer","appearance":{"class":"f-page-header-base"},"size":null,"contents":[{"id":"header-title-container","type":"ContentContainer","appearance":{"class":"f-title"},"size":null,"contents":[{"id":"page-header-title","type":"HtmlTemplate","html":"<span class=\"f-title-icon f-text-orna-bill\"><i class=\"f-icon f-icon-page-title-record\"></i></span><h4 class=\"f-title-text\">{{'title'|lang:lang:'课程维护'}}</h4><div class=\"f-title-pagination\"><span class=\"f-icon f-icon-arrow-w\" [ngClass]=\"{'f-state-disabled':!viewModel.stateMachine['canEdit']}\" (click)=\"viewModel.stateMachine['canEdit']&&viewModel.ChangeItem1()\"></span><span class=\"f-icon f-icon-arrow-e\" [ngClass]=\"{'f-state-disabled':!viewModel.stateMachine['canEdit']}\" (click)=\"viewModel.stateMachine['canEdit']&&viewModel.ChangeItem2()\"></span></div>"}],"visible":true,"isScrollspyContainer":false,"isLikeCardContainer":false},{"id":"page-header-toolbar","type":"ToolBar","appearance":{"class":"col-7 f-toolbar"},"size":null,"items":[{"id":"button-add","type":"ToolBarItem","text":"新增","appearance":{"class":"btn-primary"},"disable":"!viewModel.stateMachine['canAdd']","visible":true,"click":"Add1","items":[],"usageMode":"button","modalConfig":null},{"id":"button-edit","type":"ToolBarItem","text":"编辑","appearance":null,"disable":"!viewModel.stateMachine['canEdit']","visible":true,"click":"Edit1","items":[],"usageMode":"button","modalConfig":null},{"id":"button-save","type":"ToolBarItem","text":"保存","appearance":null,"disable":"!viewModel.stateMachine['canSave']","visible":true,"click":"Save1","items":[],"usageMode":"button","modalConfig":null},{"id":"button-cancel","type":"ToolBarItem","text":"取消","appearance":null,"disable":"!viewModel.stateMachine['canCancel']","visible":true,"click":"Cancel1","items":[],"usageMode":"button","modalConfig":null}],"visible":true,"buttonSize":"default","popDirection":"default"}],"visible":true,"isScrollspyContainer":false,"isLikeCardContainer":false}],"visible":true,"isScrollspyContainer":false,"isLikeCardContainer":false},{"id":"main-container","type":"ContentContainer","appearance":{"class":"f-page-main"},"size":null,"contents":[{"id":"like-card-container","type":"ContentContainer","appearance":{"class":"f-struct-like-card"},"size":null,"contents":[{"id":"basic-form-component-ref","type":"ComponentRef","component":"basic-form-component","visible":true}],"visible":true,"draggable":false,"isLikeCardContainer":true,"isScrollspyContainer":false}],"visible":true,"isScrollspyContainer":false,"isLikeCardContainer":false}],"visible":true,"isScrollspyContainer":false,"isLikeCardContainer":false}],"appearance":null,"visible":true,"afterViewInit":null},{"id":"basic-form-component","type":"Component","viewModel":"basic-form-viewmodel","componentType":"form-col-4","appearance":{"class":"f-struct-wrapper"},"onInit":"","contents":[{"id":"basic-form-section","type":"Section","appearance":{"class":"f-section-form f-section-in-mainsubcard"},"visible":true,"mainTitle":"基本信息","subTitle":"","headerClass":"","titleClass":"","extendedHeaderAreaClass":"","toolbarClass":"","extendedAreaClass":"","contentTemplateClass":"","fill":false,"expanded":true,"enableMaximize":false,"enableAccordion":false,"accordionMode":"default","showHeader":true,"headerTemplate":"","titleTemplate":"","extendedHeaderAreaTemplate":"","toolbarTemplate":"","extendedAreaTemplate":"","contents":[{"id":"basic-form-layout","type":"Form","appearance":{"class":"f-form-layout farris-form farris-form-controls-inline"},"size":null,"contents":[{"id":"name_17988d5d_c4ev","type":"TextBox","titleSourceType":"static","title":"课程名","appearance":{"class":"col-12 col-md-6 col-xl-3 col-el-2"},"size":null,"binding":{"type":"Form","path":"name","field":"17988d5d-d441-416f-a42f-bc676c50bee1","fullPath":"name"},"readonly":"!viewModel.stateMachine['editable']","require":false,"disable":false,"placeHolder":"","format":null,"validation":null,"value":null,"maxLength":36,"linkedLabelEnabled":false,"linkedLabelClick":null,"visible":true,"holdPlace":false,"isTextArea":true,"isPassword":false,"tabindex":-1,"hasDefaultFocus":false,"focusState":null,"titleWidth":null,"enableTips":true,"path":"name","enableAppend":false,"inputAppendType":"button","inputAppendDisabled":false,"formatValidation":{"type":"none","expression":"","message":""},"autoHeight":false,"maxHeight":500},{"id":"course_number_7adcc933_i3bh","type":"TextBox","titleSourceType":"static","title":"课程代码","appearance":{"class":"col-12 col-md-6 col-xl-3 col-el-2"},"size":null,"binding":{"type":"Form","path":"course_number","field":"7adcc933-4fef-4828-95ac-21d594470924","fullPath":"course_number"},"readonly":"!viewModel.stateMachine['editable']","require":true,"disable":false,"placeHolder":"","format":null,"validation":null,"value":null,"maxLength":36,"linkedLabelEnabled":false,"linkedLabelClick":null,"visible":true,"holdPlace":false,"isTextArea":true,"isPassword":false,"tabindex":-1,"hasDefaultFocus":false,"focusState":null,"titleWidth":null,"enableTips":true,"path":"course_number","enableAppend":false,"inputAppendType":"button","inputAppendDisabled":false,"formatValidation":{"type":"none","expression":"","message":""},"autoHeight":false,"maxHeight":500,"labelAutoOverflow":false,"updateOn":"blur"},{"id":"exam_type_dbe8f379_km8s","type":"EnumField","titleSourceType":"static","title":"考试类型","controlSource":"Farris","appearance":{"class":"col-12 col-md-6 col-xl-3 col-el-2"},"size":null,"binding":{"type":"Form","path":"exam_type","field":"dbe8f379-495a-4ae7-86bd-5c4fb9c8b530","fullPath":"exam_type"},"placeHolder":"","readonly":"!viewModel.stateMachine['editable']","require":false,"disable":false,"enumData":[{"disabled":false,"name":"无","value":"0"},{"disabled":false,"name":"考试","value":"1"},{"disabled":false,"name":"考察","value":"2"}],"holdPlace":false,"isTextArea":true,"linkedLabelEnabled":false,"linkedLabelClick":null,"visible":true,"tabindex":-1,"hasDefaultFocus":false,"focusState":null,"titleWidth":null,"idField":"value","textField":"name","multiSelect":false,"uri":"","autoWidth":true,"enableClear":false,"onClear":null,"valueChanged":null,"onShown":null,"onHidden":null,"editable":false,"enableCancelSelected":false,"beforeShow":null,"beforeHide":null,"dataSourceType":"static","path":"exam_type","viewType":"text","noSearch":false,"maxSearchLength":null,"enableAppend":false,"inputAppendType":"button","inputAppendDisabled":false,"autoHeight":false,"maxHeight":500,"showDisabledItem":true},{"id":"course_type_39a2a4e8_yu87","type":"EnumField","titleSourceType":"static","title":"课程类型","controlSource":"Farris","appearance":{"class":"col-12 col-md-6 col-xl-3 col-el-2"},"size":null,"binding":{"type":"Form","path":"course_type","field":"39a2a4e8-838d-48c3-8194-1b78eaab10c8","fullPath":"course_type"},"placeHolder":"","readonly":"!viewModel.stateMachine['editable']","require":false,"disable":false,"enumData":[{"disabled":false,"name":"无","value":"0"},{"disabled":false,"name":"必修","value":"1"},{"disabled":false,"name":"选修","value":"2"}],"holdPlace":false,"isTextArea":true,"linkedLabelEnabled":false,"linkedLabelClick":null,"visible":true,"tabindex":-1,"hasDefaultFocus":false,"focusState":null,"titleWidth":null,"idField":"value","textField":"name","multiSelect":false,"uri":"","autoWidth":true,"enableClear":false,"onClear":null,"valueChanged":null,"onShown":null,"onHidden":null,"editable":false,"enableCancelSelected":false,"beforeShow":null,"beforeHide":null,"dataSourceType":"static","path":"course_type","viewType":"text","noSearch":false,"maxSearchLength":null,"enableAppend":false,"inputAppendType":"button","inputAppendDisabled":false,"autoHeight":false,"maxHeight":500,"showDisabledItem":true},{"id":"credit_1fd793b0_4fsv","type":"NumericBox","titleSourceType":"static","title":"学分","controlSource":"Farris","appearance":{"class":"col-12 col-md-6 col-xl-3 col-el-2"},"size":null,"binding":{"type":"Form","path":"credit","field":"1fd793b0-b8b4-4ab1-a1f6-c63dc2e59516","fullPath":"credit"},"readonly":"!viewModel.stateMachine['editable']","require":true,"disable":false,"placeHolder":"","textAlign":"left","precisionSourceType":"static","precision":2,"validation":null,"maxValue":null,"minValue":null,"step":1,"useThousands":true,"formatter":null,"parser":null,"canNull":true,"bigNumber":false,"maxLength":18,"holdPlace":false,"linkedLabelEnabled":false,"linkedLabelClick":null,"visible":true,"isTextArea":true,"tabindex":-1,"hasDefaultFocus":false,"focusState":null,"titleWidth":null,"showZero":true,"showButton":true,"path":"credit","localization":false,"enableAppend":false,"inputAppendType":"button","inputAppendDisabled":false,"autoHeight":false,"maxHeight":500}],"controlsInline":true,"formAutoIntl":true,"visible":true,"labelAutoOverflow":false}],"isScrollSpyItem":false,"toolbar":{"type":"SectionToolbar","position":"inHead","contents":[]}}],"visible":true,"afterViewInit":null}],"webcmds":[{"id":"8172a979-2c80-4637-ace7-b13074d3f393","path":"/projects/packages/Inspur.GS.Gsp.Web.WebCmp/webcmd","name":"CardController.webcmd","refedHandlers":[{"host":"e05264fb-796d-43fb-b83b-9e2f3866c328","handler":"Load"},{"host":"246a275c-88c9-4c8a-aa82-be6a950a4325","handler":"LoadAndAdd"},{"host":"70acc053-fa15-45be-851c-cf694e1bcaf7","handler":"LoadAndView"},{"host":"3e72ee6f-8f7b-4f29-aa0e-5887f2861117","handler":"LoadAndEdit"},{"host":"f90aadfa-988c-4da5-a5db-1416c3333794","handler":"Add"},{"host":"a323e27b-b9c6-4848-93b9-f117403a94ff","handler":"Edit"},{"host":"31b814db-01e4-407d-8fad-0f08dbb01999","handler":"Save"},{"host":"4f5ed2ec-8def-4a3c-8e7b-397ea93010e8","handler":"Cancel"},{"host":"c8504c24-33e8-487a-91ce-2218b803fe01","handler":"ChangeItem"},{"host":"4a0cfb1a-1262-41a2-aeb9-c8edd5c09683","handler":"ChangeItem"}],"code":"CardController","nameSpace":"Inspur.GS.Gsp.Web.WebCmp"}],"serviceRefs":[],"projectName":"bo-course-front","showType":"page","toolbar":{"items":{},"configs":{}},"declarations":{"events":[],"commands":[],"states":[]},"subscriptions":[],"extraImports":[],"expressions":[],"metadataId":"982adc53-97c8-4759-9211-ec415f17ca42","actions":[{"sourceComponent":{"id":"button-add","viewModelId":"root-viewmodel","map":[{"event":{"label":"click","name":"点击事件"},"targetComponent":{"id":"root-component","viewModelId":"root-viewmodel"},"command":{"id":"f90aadfa-988c-4da5-a5db-1416c3333794","label":"Add1","name":"新增一条数据","handlerName":"Add","params":[{"name":"transitionAction","shownName":"状态机动作","value":"Create"}],"cmpId":"8172a979-2c80-4637-ace7-b13074d3f393","isNewGenerated":false,"isInvalid":false},"controller":{"id":"8172a979-2c80-4637-ace7-b13074d3f393","label":"CardController","name":"卡片控制器"}}]}},{"sourceComponent":{"id":"button-edit","viewModelId":"root-viewmodel","map":[{"event":{"label":"click","name":"点击事件"},"targetComponent":{"id":"root-component","viewModelId":"root-viewmodel"},"command":{"id":"a323e27b-b9c6-4848-93b9-f117403a94ff","label":"Edit1","name":"编辑当前数据","handlerName":"Edit","params":[{"name":"transitionAction","shownName":"状态机动作","value":"Edit"}],"cmpId":"8172a979-2c80-4637-ace7-b13074d3f393","isNewGenerated":false,"isInvalid":false},"controller":{"id":"8172a979-2c80-4637-ace7-b13074d3f393","label":"CardController","name":"卡片控制器"}}]}},{"sourceComponent":{"id":"button-save","viewModelId":"root-viewmodel","map":[{"event":{"label":"click","name":"点击事件"},"targetComponent":{"id":"root-component","viewModelId":"root-viewmodel"},"command":{"id":"31b814db-01e4-407d-8fad-0f08dbb01999","label":"Save1","name":"保存变更","handlerName":"Save","params":[{"name":"transitionAction","shownName":"状态机动作","value":"Cancel"}],"cmpId":"8172a979-2c80-4637-ace7-b13074d3f393","isNewGenerated":false,"isInvalid":false},"controller":{"id":"8172a979-2c80-4637-ace7-b13074d3f393","label":"CardController","name":"卡片控制器"}}]}},{"sourceComponent":{"id":"button-cancel","viewModelId":"root-viewmodel","map":[{"event":{"label":"click","name":"点击事件"},"targetComponent":{"id":"root-component","viewModelId":"root-viewmodel"},"command":{"id":"4f5ed2ec-8def-4a3c-8e7b-397ea93010e8","label":"Cancel1","name":"取消变更","handlerName":"Cancel","params":[{"name":"transitionAction","shownName":"状态机动作","value":"Cancel"}],"cmpId":"8172a979-2c80-4637-ace7-b13074d3f393","isNewGenerated":false,"isInvalid":false},"controller":{"id":"8172a979-2c80-4637-ace7-b13074d3f393","label":"CardController","name":"卡片控制器"}}]}},{"sourceComponent":{"id":"root-component","viewModelId":"root-viewmodel","map":[{"event":{"label":"onInit","name":"初始化事件"},"targetComponent":{"id":"root-component","viewModelId":"root-viewmodel"},"command":{"id":"e05264fb-796d-43fb-b83b-9e2f3866c328","label":"Load1","name":"执行加载页面后初始方法","handlerName":"Load","params":[{"name":"action","shownName":"初始方法","value":"{UISTATE~/#{root-component}/action}"}],"cmpId":"8172a979-2c80-4637-ace7-b13074d3f393","isNewGenerated":false,"isInvalid":false},"controller":{"id":"8172a979-2c80-4637-ace7-b13074d3f393","label":"CardController","name":"卡片控制器"}}]}}]},"options":{"enableTextArea":true,"renderMode":"compile","enableDeleteSourceCode":true,"changeSetPolicy":"valid","enableServerSideChangeDetection":true}}