{
  "AppCode" : "managementSystem",
  "ServiceUnitCode" : "study",
  "BizobjectCode" : "classes",
  "BizobjectID" : "81df31fb-ac8c-11ba-b9b3-0d02f70a66ea",
  "ProjectNameSpace" : "Inspur.GS.managementSystem.study.classes.classes.Back",
  "SuDeploymentPath" : "apps/managementsystem/study",
  "MetadataProjectName" : "bo-classes-Back",
  "MetadataPackageName" : "Inspur.GS.managementSystem.study.classes.classes.Back",
  "SuConfigDeploymentPath" : null,
  "ProjectType" : "backend",
  "ProjectExtendItem" : [ {
    "codelanguage" : "java"
  } ]
}