{"moduleName":null,"summaries":[{"symbol":{"__symbol":0,"members":[]},"metadata":{"__symbolic":"class","extends":{"__symbol":1,"members":[]},"members":{"name":[{"__symbolic":"property","decorators":[{"__symbolic":"call","expression":{"__symbol":2,"members":[]},"arguments":[{"id":"name_373f3582_2bfo","name":"{{name_373f3582_2bfo}}","binding":"name","updateOn":"blur","defaultI18nValue":"教室名称","validRules":[{"type":"matches","constraints":[""]}]}]}]}],"location":[{"__symbolic":"property","decorators":[{"__symbolic":"call","expression":{"__symbol":2,"members":[]},"arguments":[{"id":"location_2508f93f_k8dh","name":"{{location_2508f93f_k8dh}}","binding":"location","updateOn":"blur","defaultI18nValue":"教室位置","validRules":[{"type":"matches","constraints":[""]}]}]}]}],"capacity":[{"__symbolic":"property","decorators":[{"__symbolic":"call","expression":{"__symbol":2,"members":[]},"arguments":[{"id":"capacity_cadb42f5_xzx4","name":"{{capacity_cadb42f5_xzx4}}","binding":"capacity","updateOn":"blur","defaultI18nValue":"教室容量","validRules":[{"type":"required","constraints":[true]}]}]}]}]}},"type":{"summaryKind":3,"type":{"reference":{"__symbol":0,"members":[]},"diDeps":[],"lifecycleHooks":[1]}}}],"symbols":[{"__symbol":0,"name":"BasicFormViewmodelForm","filePath":"./basicformviewmodelform"},{"__symbol":1,"name":"Form","filePath":"@farris/devkit"},{"__symbol":2,"name":"NgFormControl","filePath":"@farris/devkit"}]}