{"moduleName":null,"summaries":[{"symbol":{"__symbol":0,"members":[]},"metadata":{"__symbolic":"class","extends":{"__symbol":1,"members":[]},"members":{"name":[{"__symbolic":"property","decorators":[{"__symbolic":"call","expression":{"__symbol":2,"members":[]},"arguments":[{"id":"name","name":"{{name_e7209856_1o8g}}","binding":"name","updateOn":"blur","defaultI18nValue":"课程名"}]}]}],"exam_type":[{"__symbolic":"property","decorators":[{"__symbolic":"call","expression":{"__symbol":2,"members":[]},"arguments":[{"id":"exam_type","name":"{{exam_type_26e383a2_699c}}","binding":"exam_type","updateOn":"change","defaultI18nValue":"考试类型"}]}]}],"course_type":[{"__symbolic":"property","decorators":[{"__symbolic":"call","expression":{"__symbol":2,"members":[]},"arguments":[{"id":"course_type","name":"{{course_type_4b0b2087_iweh}}","binding":"course_type","updateOn":"change","defaultI18nValue":"课程类型"}]}]}],"credit":[{"__symbolic":"property","decorators":[{"__symbolic":"call","expression":{"__symbol":2,"members":[]},"arguments":[{"id":"credit","name":"{{credit_317ece46_erkw}}","binding":"credit","updateOn":"blur","defaultI18nValue":"学分"}]}]}],"course_number":[{"__symbolic":"property","decorators":[{"__symbolic":"call","expression":{"__symbol":2,"members":[]},"arguments":[{"id":"course_number","name":"{{course_number_17e3d6a4_arhz}}","binding":"course_number","updateOn":"blur","defaultI18nValue":"课程代码"}]}]}]}},"type":{"summaryKind":3,"type":{"reference":{"__symbol":0,"members":[]},"diDeps":[],"lifecycleHooks":[1]}}}],"symbols":[{"__symbol":0,"name":"DataGridComponentViewmodelForm","filePath":"./datagridcomponentviewmodelform"},{"__symbol":1,"name":"Form","filePath":"@farris/devkit"},{"__symbol":2,"name":"NgFormControl","filePath":"@farris/devkit"}]}